                                         car;area;uf;mun;modulo_fiscal;tipo_imovel;situacao;condicao                                          
----------------------------------------------------------------------------------------------------------------------------------------------
 SP-3543402-6109C1AAE9F3400ABB2A8BBFB1351BF3;1.4361;SP;Ribeirão Preto;0.1436;IRU;AT;Aguardando análise
 SP-3543402-A6C7D1F7C030440D931AAB955DCFFE30;37.6517;SP;Ribeirão Preto;3.7652;IRU;AT;Aguardando analise
 SP-3543402-481F97717EDA416B8B1B616D7D076D5F;18.8794;SP;Ribeirão Preto;1.8879;IRU;AT;Aguardando analise
 SP-3543402-985559048B3543808E056F39C2366BCC;112.6396;SP;Ribeirão Preto;11.2640;IRU;AT;Aguardando analise
 SP-3543402-F02367E6067245A1B52F4573507EDF04;0.0982;SP;Ribeirão Preto;0.0098;IRU;AT;Aguardando análise
 SP-3543402-8DFCF99212374DA6B393046B856ED59D;2.8231;SP;Ribeirão Preto;0.2823;IRU;AT;Aguardando analise
 SP-3543402-A84015DE04E54B849E75CCB50404E0A1;19.9818;SP;Ribeirão Preto;1.9982;IRU;AT;Aguardando análise
 SP-3543402-1F8A419DC6A043D0AEB8A3A3BAD0FF4F;11.9170;SP;Ribeirão Preto;1.1518;IRU;AT;Aguardando análise
 SP-3543402-9364CE4EDFAD4AFA961E02667634B1AC;2.5582;SP;Ribeirão Preto;0.2558;IRU;AT;Aguardando análise
 SP-3543402-D87F542C4B524300BF62003E9309F186;34.8511;SP;Ribeirão Preto;3.4851;IRU;AT;Aguardando analise
 SP-3543402-27A5E311C1E04422A1A8F3E9BFC854C7;38.1618;SP;Ribeirão Preto;3.8162;IRU;AT;Aguardando analise
 SP-3543402-86DB70312DC7428C99B755A2545A6E27;7.5044;SP;Ribeirão Preto;0.7504;IRU;AT;Aguardando analise
 SP-3543402-1E236254DFB54D35A53A84D65E5AA2E6;2.8865;SP;Ribeirão Preto;0.2887;IRU;AT;Aguardando analise
 SP-3543402-0265100F8CAE4E1CB8A4576361571254;54.3415;SP;Ribeirão Preto;5.4341;IRU;AT;Aguardando análise
 SP-3543402-2CCF77936F9B4DB493EA2BDE503B0FF5;217.8023;SP;Ribeirão Preto;21.7802;IRU;AT;Aguardando análise
 SP-3543402-90AC1DE8F23E4F6783172BEF0B3D086B;7.0948;SP;Ribeirão Preto;0.7095;IRU;AT;Aguardando analise
 SP-3543402-29A0FA86E50244CAAD10E89BC058DBB0;628.9572;SP;Ribeirão Preto;62.8942;IRU;AT;Aguardando analise
 SP-3543402-DD7D513013CA4BBEA876028302B40A48;46.0688;SP;Ribeirão Preto;4.5996;IRU;AT;Aguardando análise
 SP-3543402-241317B05BF84F42857D8F5BDACE1B06;11.5680;SP;Ribeirão Preto;1.1568;IRU;AT;Aguardando análise
 SP-3543402-3B7D64503837468F9E7E68981DD2A8EF;88.8688;SP;Ribeirão Preto;8.7150;IRU;AT;Aguardando análise
 SP-3543402-83254790839341E89958B5F5B64CD58A;61.0820;SP;Ribeirão Preto;6.0499;IRU;AT;Aguardando análise
 SP-3543402-7A05451609534029807359680D607247;31.8420;SP;Ribeirão Preto;2.8336;IRU;AT;Aguardando análise
 SP-3543402-6F094E84D49741B585AD245A4F856084;87.0921;SP;Ribeirão Preto;8.5279;IRU;AT;Aguardando análise
 SP-3543402-B5DADD74CB2642A085A4A6FC8EF4119E;11.3157;SP;Ribeirão Preto;1.1316;IRU;AT;Aguardando análise
 SP-3543402-2FCADDF24ED04C968CD02AB135F847BC;682.2746;SP;Ribeirão Preto;63.0150;IRU;AT;Aguardando análise
 SP-3543402-802450412CCC49268B38E74AD4B87243;5.7925;SP;Ribeirão Preto;0.5793;IRU;AT;Aguardando analise
 SP-3543402-F3EE48AA39FD453988EB6D920D0F7F4E;319.3229;SP;Ribeirão Preto;31.9323;IRU;AT;Aguardando análise
 SP-3543402-E5C8EEB3E18C4DCBBE02B3678CDB7627;6.6160;SP;Ribeirão Preto;0.6488;IRU;AT;Aguardando análise
 SP-3543402-3BCCF6998DAB437BBEE8547AEA062723;446.7614;SP;Ribeirão Preto;44.6761;IRU;AT;Aguardando analise
 SP-3543402-D25884D73F1E42AEA09FD22024817547;51.5082;SP;Ribeirão Preto;5.1508;IRU;AT;Aguardando analise
 SP-3543402-D7E3C09B02B0464395404E5629329AB0;0.8026;SP;Ribeirão Preto;0.0803;IRU;AT;Aguardando analise
 SP-3543402-A835976EE4EE43C0BB8E6FA63A13A60D;75.8061;SP;Ribeirão Preto;7.5806;IRU;AT;Aguardando analise
 SP-3543402-A5F4BDA311014229AC0A6B2880B714D1;6.3970;SP;Ribeirão Preto;0.6397;IRU;AT;Aguardando análise
 SP-3543402-B06DA702C9DA418293CED865E413B74B;19.2831;SP;Ribeirão Preto;1.9283;IRU;AT;Aguardando análise
 SP-3543402-33DB435E52BE48C09575F2B2BC2A910F;193.4498;SP;Ribeirão Preto;19.0252;IRU;AT;Aguardando análise
 SP-3543402-D47602FC2856475BBACD1E5F395AC832;36.6734;SP;Ribeirão Preto;3.6673;IRU;AT;Aguardando análise
 SP-3543402-EF50AA4B4CA040B4B374B45933CEEED0;7.0839;SP;Ribeirão Preto;0.7084;IRU;AT;Aguardando analise
 SP-3543402-9DB936ABE9054184991D54FBD8ADB6F7;93.5410;SP;Ribeirão Preto;9.3412;IRU;AT;Aguardando analise
 SP-3543402-14010215C3104E6C9546CE8B9D2CB259;4.5530;SP;Ribeirão Preto;0.4553;IRU;AT;Aguardando análise
 SP-3543402-C64E87C364374DA99E8028432A1E4C26;8.9914;SP;Ribeirão Preto;0.8991;IRU;AT;Aguardando analise
 SP-3543402-7BBE7D0964C54C168BD93EC255884A17;223.4118;SP;Ribeirão Preto;22.2119;IRU;AT;Aguardando analise
 SP-3543402-7557F559C18841228B1A0B5CF069C784;4.8948;SP;Ribeirão Preto;0.4895;IRU;AT;Aguardando analise
 SP-3543402-C69DB6111A4D40B1990C331BF0283401;3.6008;SP;Ribeirão Preto;0.3601;IRU;AT;Aguardando analise
 SP-3543402-D7DA2A7192AD40449DB0162B090B8C45;2.3752;SP;Ribeirão Preto;0.2375;IRU;AT;Aguardando analise
 SP-3543402-748891DDE49B4B76B9CE783282C10308;3.6082;SP;Ribeirão Preto;0.3608;IRU;AT;Aguardando analise
 SP-3543402-1C9E2245EBD74B8DB857B6AE19942089;4.8671;SP;Ribeirão Preto;0.4769;IRU;AT;Aguardando analise
 SP-3543402-8BB6755B0C694506A82354B350006AB2;111.4615;SP;Ribeirão Preto;11.1462;IRU;AT;Aguardando análise
 SP-3543402-ED383E24C9AA4FFCBD02030CF7EFF766;11.8259;SP;Ribeirão Preto;1.1826;IRU;AT;Aguardando analise
 SP-3543402-C9DA69DC0C7C4BD6935CA85D48D24444;90.7610;SP;Ribeirão Preto;9.0761;IRU;AT;Aguardando análise
 SP-3543402-A65BC915CD96468E8FADB7CC9EF2DFFB;14.5251;SP;Ribeirão Preto;1.4525;IRU;AT;Aguardando analise
 SP-3543402-388295F57B5D40C18981B0AD20139426;17.5844;SP;Ribeirão Preto;1.7584;IRU;AT;Aguardando analise
 SP-3543402-1B05C40F8DA444C58920B019EA231259;10.0252;SP;Ribeirão Preto;1.0025;IRU;AT;Aguardando analise
 SP-3543402-0D5ACA782B9B4D51AD94E5529C2D7FC7;563.6871;SP;Ribeirão Preto;53.9278;IRU;AT;Aguardando analise
 SP-3543402-3561964780044091BFE3A807D9BC91A2;15.6538;SP;Ribeirão Preto;1.5654;IRU;AT;Aguardando analise
 SP-3543402-47DC8C40122047C99F27DD9E315648AF;6.4214;SP;Ribeirão Preto;0.6284;IRU;AT;Aguardando analise
 SP-3543402-A89BD4E1083B44A89AFC4D08ADA62186;7.6711;SP;Ribeirão Preto;0.7671;IRU;AT;Aguardando analise
 SP-3543402-76111E4A4CB048A985F12D827BC9345E;3.8821;SP;Ribeirão Preto;0.3882;IRU;AT;Aguardando análise
 SP-3543402-6D2B039355A143E9AE498FA0F1D59664;2.4306;SP;Ribeirão Preto;0.2431;IRU;AT;Aguardando analise
 SP-3543402-C889C61FEC244B03B9B84980B95B9A23;4.8700;SP;Ribeirão Preto;0.4870;IRU;AT;Aguardando analise
 SP-3543402-A0E78C82C8BF40A297A08C0F58E86674;58.4455;SP;Ribeirão Preto;5.4366;IRU;AT;Aguardando analise
 SP-3543402-76E625B4B641420DB18F9B2ECB5F44F1;16.3964;SP;Ribeirão Preto;1.5860;IRU;AT;Aguardando analise
 SP-3543402-F4DE38733A0E4FAA89C5DC3289324F1C;16.0013;SP;Ribeirão Preto;1.6001;IRU;AT;Aguardando analise
 SP-3543402-36F31D7E79A3466E8CD1EEE13AF48AB1;2.0056;SP;Ribeirão Preto;0.2006;IRU;AT;Aguardando analise
 SP-3543402-A22D493E76554080A247AFD485181D7B;2.8767;SP;Ribeirão Preto;0.2877;IRU;AT;Aguardando análise
 SP-3543402-570EF40DAA214692AE1D60B6CD85DC27;41.1050;SP;Ribeirão Preto;4.1105;IRU;AT;Aguardando análise
 SP-3543402-C7966805A02E42E1AD88060DF9CDAF44;90.2826;SP;Ribeirão Preto;9.0283;IRU;AT;Aguardando analise
 SP-3543402-462654B77C8A4A30A76C721AFBC544B5;24.7919;SP;Ribeirão Preto;2.4792;IRU;AT;Aguardando analise
 SP-3543402-471031889AAF4A6B9F0CDF9449913504;2.3229;SP;Ribeirão Preto;0.2323;IRU;AT;Aguardando analise
 SP-3543402-7C8D58C3A6B841068A81E86B040D8407;179.1893;SP;Ribeirão Preto;17.9189;IRU;AT;Aguardando analise
 SP-3543402-21F07F6805124D09A1F60C838EB99B13;20.7025;SP;Ribeirão Preto;2.0703;IRU;AT;Aguardando analise
 SP-3543402-5C2E8DF21BB34E4DAC4D0BFC0A56F5BB;3.4183;SP;Ribeirão Preto;0.3418;IRU;AT;Aguardando analise
 SP-3543402-B6322C8768574219B94D46524E465152;0.6957;SP;Ribeirão Preto;0.0696;IRU;AT;Aguardando analise
 SP-3543402-632245329FFB497094FEA678B6F05CA5;30.1290;SP;Ribeirão Preto;2.9546;IRU;AT;Aguardando análise
 SP-3543402-133F9B3CD25842D59CA229854FBBFB3C;4.7605;SP;Ribeirão Preto;0.4760;IRU;AT;Aguardando análise
 SP-3543402-CC7699CA8F5E4B5587532646BDADC491;17.8267;SP;Ribeirão Preto;1.7827;IRU;AT;Aguardando analise
 SP-3543402-AB47FCF869904979B8AA6A4BB3AA7B0C;15.6372;SP;Ribeirão Preto;1.2161;IRU;AT;Aguardando analise
 SP-3543402-A5A04BFF6C6547D7B73043CCA59979D4;20.9277;SP;Ribeirão Preto;2.0928;IRU;AT;Aguardando analise
 SP-3543402-C3F35FC79AE0424488F18F352684A7AE;194.0474;SP;Ribeirão Preto;19.4047;IRU;AT;Aguardando analise
 SP-3543402-6E95C327715849EFAC3CAFF3AAF5D710;31.7001;SP;Ribeirão Preto;3.1700;IRU;AT;Aguardando analise
 SP-3543402-F17B8BB361774A9FBE14CEA10BEAE4A0;13.6806;SP;Ribeirão Preto;1.3681;IRU;AT;Aguardando analise
 SP-3543402-DC2AED99B3654D9E8E919DA49CF6DAE8;183.0050;SP;Ribeirão Preto;18.3005;IRU;AT;Aguardando analise
 SP-3543402-2E3F8C5132B043B690EA049C4DDAA6C3;14.7440;SP;Ribeirão Preto;1.4480;IRU;AT;Aguardando análise
 SP-3543402-D2A7E1D1EE8F4B969092AE480B76EB78;0.0358;SP;Ribeirão Preto;0.0036;IRU;AT;Aguardando analise
 SP-3543402-77E185D8EDB34CCF9C866EFAC4F9F187;36.3274;SP;Ribeirão Preto;3.6327;IRU;AT;Aguardando análise, não passível de revisão de dados
 SP-3543402-94CB12F6E2F4424C9500E4508F17B287;114.4413;SP;Ribeirão Preto;11.2072;IRU;AT;Aguardando análise
 SP-3543402-B9B80F16FBCF4F54A511D21C03EC5AFC;7.2574;SP;Ribeirão Preto;0.7257;IRU;AT;Aguardando análise
 SP-3543402-9AE3CACD76AB403BAA79CE96FC4BFF59;27.9108;SP;Ribeirão Preto;2.7911;IRU;AT;Aguardando análise
 SP-3543402-D7A2F73814BF4B01A4D67F5001B3A155;31.9018;SP;Ribeirão Preto;3.1902;IRU;AT;Aguardando análise
 SP-3543402-DE4EEC9C92C842BD94600A7C678D9A2B;70.6261;SP;Ribeirão Preto;7.0626;IRU;AT;Aguardando análise
 SP-3543402-A3599CF486C143FDA253CB6D82E0618E;11.7548;SP;Ribeirão Preto;1.1755;IRU;AT;Aguardando análise
 SP-3543402-81A72C43B86C4573B4530B0700027996;3.3286;SP;Ribeirão Preto;0.3329;IRU;AT;Aguardando análise
 SP-3543402-B24D764DA49249199F0B9462A059545D;150.8568;SP;Ribeirão Preto;15.0857;IRU;AT;Aguardando análise, não passível de revisão de dados
 SP-3543402-00E3FBF64B284424A048F46B5DCB2E13;8.3134;SP;Ribeirão Preto;0.8313;IRU;AT;Aguardando analise
 SP-3543402-37B08671A6B646E69B4F4B0A2220015A;2.4155;SP;Ribeirão Preto;0.2415;IRU;AT;Aguardando análise
 SP-3543402-F1B1A6FCA7034143A10EBCED23064381;135.2427;SP;Ribeirão Preto;13.5243;IRU;AT;Aguardando analise
 SP-3543402-0B567A8C962141CA8FE9D76C7B1594E3;3.8771;SP;Ribeirão Preto;0.3877;IRU;AT;Aguardando análise
 SP-3543402-8267F8454E3D49CDAC92F128C6FBEA40;3.2494;SP;Ribeirão Preto;0.3249;IRU;AT;Aguardando análise
 SP-3543402-F1CC0406F8984BB1BB095EBDBFD23902;3.7148;SP;Ribeirão Preto;0.3715;IRU;AT;Aguardando análise
 SP-3543402-B2D8D5C2CBBD46FEB099D78A0B4A6248;79.0322;SP;Ribeirão Preto;7.9032;IRU;AT;Aguardando análise, não passível de revisão de dados
 SP-3543402-230C0EF325994B0A8C52399049F3970D;45.9769;SP;Ribeirão Preto;4.5914;IRU;AT;Aguardando analise
 SP-3543402-3D1AAC53367244B3B58B840BAB7D95B9;0.1289;SP;Ribeirão Preto;0.0129;IRU;CA;CANCELADO_POR_DECISAO_ADMINISTRATIVA
 SP-3543402-F547F158DADC4BFB9A2E7F75428511E4;240.0926;SP;Ribeirão Preto;22.0553;IRU;AT;Aguardando analise
 SP-3543402-EF2411BB51F240A8A78638CB7C323EDC;15.3673;SP;Ribeirão Preto;1.5367;IRU;AT;Aguardando analise
 SP-3543402-54B176D791304B53B4C2A78A806527D1;15.5349;SP;Ribeirão Preto;1.5535;IRU;AT;Aguardando analise
 SP-3543402-4C650269409945F996921291B1653813;163.6165;SP;Ribeirão Preto;16.3617;IRU;AT;Aguardando analise
 SP-3543402-C37602989D5E47F6A93AA14F78C0C9EA;36.1538;SP;Ribeirão Preto;3.6154;IRU;AT;Aguardando analise
 SP-3543402-874931A79D204F1C8151160F0D94D357;1126.7308;SP;Ribeirão Preto;112.3645;IRU;CA;CANCELADO_POR_DECISAO_ADMINISTRATIVA
 SP-3543402-4713BFB990A2464B9CB04D1A726235CC;17.6443;SP;Ribeirão Preto;1.7644;IRU;AT;Aguardando analise
 SP-3543402-FCFDC463C06844E3B14B9ED9568BC23E;31.1060;SP;Ribeirão Preto;3.1106;IRU;AT;Aguardando analise
 SP-3543402-002E5C0C0DFA47FA812EA7375253935E;60.2755;SP;Ribeirão Preto;6.0275;IRU;AT;Aguardando analise
 SP-3543402-9D731A73A0694BE49E61B1C039D6368F;26.6211;SP;Ribeirão Preto;2.6621;IRU;AT;Aguardando analise
 SP-3543402-E9F182632806455EBB0C198BAB8019E2;176.8720;SP;Ribeirão Preto;17.6872;IRU;AT;Aguardando analise
 SP-3543402-08FB2E35D219408882D9EB1C7AF67D87;5.0856;SP;Ribeirão Preto;0.5086;IRU;AT;Aguardando analise
 SP-3543402-15DB59A7C54048A7B4253C293ED82CC0;1.8248;SP;Ribeirão Preto;0.1825;IRU;AT;Aguardando analise
 SP-3543402-22B048B4DA254937A7DF963E8319D747;49.5381;SP;Ribeirão Preto;4.9538;IRU;AT;Aguardando analise
 SP-3543402-C58EB0743A8743DBAD7E25D946158BAB;109.9947;SP;Ribeirão Preto;10.8699;IRU;AT;Aguardando analise
 SP-3543402-8E7354FCE13F4FDDB0341D6F6EF03B7B;456.8662;SP;Ribeirão Preto;42.8025;IRU;AT;Aguardando analise
 SP-3543402-2F94D00276014E75AAA6C0D142352B66;249.6421;SP;Ribeirão Preto;24.9609;IRU;AT;Aguardando analise
 SP-3543402-528E3F42C72F4DBFAA81C83BE52F802E;33.6786;SP;Ribeirão Preto;3.3679;IRU;AT;Aguardando análise, não passível de revisão de dados
 SP-3543402-4DC2FA965C7C4F88AA4937177E3E7AAC;5.4730;SP;Ribeirão Preto;0.5473;IRU;AT;Aguardando analise
 SP-3543402-4CB88CAD523D4CC0B59DCF16BF188823;12.2506;SP;Ribeirão Preto;1.2251;IRU;AT;Aguardando analise
 SP-3543402-40C3C1287AC34FCDA0696D11D283999D;14.0757;SP;Ribeirão Preto;1.3277;IRU;AT;Aguardando analise
 SP-3543402-F558E3F6CF0940CF8D95B54D0AEC8C3C;8.8180;SP;Ribeirão Preto;0.8818;IRU;AT;Aguardando analise
 SP-3543402-6A0BFB38766B43C68DD2D22098D913DB;2.4837;SP;Ribeirão Preto;0.2484;IRU;AT;Aguardando analise
 SP-3543402-F22F1AB614CD4232BD1655F43D78C886;40.2752;SP;Ribeirão Preto;4.0275;IRU;AT;Aguardando analise
 SP-3543402-F58E2972FCD144C38FE56FF3F67B955D;10.5803;SP;Ribeirão Preto;1.0580;IRU;AT;Aguardando análise
 SP-3543402-2A34F186D0FA43CDBF896D4361550EF8;3.1830;SP;Ribeirão Preto;0.3183;IRU;AT;Aguardando analise
 SP-3543402-A04D73E2DFEE40AA909D07DE74AD080B;45.6274;SP;Ribeirão Preto;4.5627;IRU;AT;Aguardando análise
 SP-3543402-D310AF9C20AA430A96B6D9903B1A66F3;21.5765;SP;Ribeirão Preto;2.0734;IRU;AT;Aguardando analise
 SP-3543402-0240DF7AC9FC453E922B0BDEF166C92F;2.1574;SP;Ribeirão Preto;0.2157;IRU;AT;Aguardando análise, não passível de revisão de dados
 SP-3543402-2E3626463FFE48D581C34D9537701412;29.1856;SP;Ribeirão Preto;2.9186;IRU;AT;Aguardando análise
 SP-3543402-49899DDC2C374F4AB77ECFE502A94E8D;23.0117;SP;Ribeirão Preto;2.1957;IRU;AT;Aguardando analise
 SP-3543402-173D8F4D968A431ABB82B0D9A533821B;2.5824;SP;Ribeirão Preto;0.2582;IRU;AT;Aguardando analise
 SP-3543402-354A49463DC44233BC94C8B87FB9E937;9.8289;SP;Ribeirão Preto;0.9236;IRU;AT;Aguardando analise
 SP-3543402-111FD3FE829F40D18309F6BA93EBC347;10.5297;SP;Ribeirão Preto;1.0530;IRU;AT;Aguardando analise
 SP-3543402-565D0C43E57A41118B0094236EA4CC01;7.2557;SP;Ribeirão Preto;0.6423;IRU;AT;Aguardando analise
 SP-3543402-FDAC97D65CF74BD4999F6F15279E4869;0.5977;SP;Ribeirão Preto;0.0598;IRU;AT;Aguardando analise
 SP-3543402-9C12D74922D04C27B7B0688F5561A344;14.9801;SP;Ribeirão Preto;1.4980;IRU;AT;Aguardando analise
 SP-3543402-CE7F068167A94A8AAC30EFC0B55E5D74;8.6036;SP;Ribeirão Preto;0.8604;IRU;AT;Aguardando analise
 SP-3543402-4E9CE59E9790499AAA88F8FEE6A95995;2.0331;SP;Ribeirão Preto;0.2033;IRU;AT;Aguardando analise
 SP-3543402-986765CFF908492D9F40E8A5ECAF5DC7;1.5776;SP;Ribeirão Preto;0.1578;IRU;AT;Aguardando analise
 SP-3543402-8348FF7BBAD04A07B0FA49E9C0450D00;27.1151;SP;Ribeirão Preto;2.5063;IRU;AT;Aguardando analise
 SP-3543402-72D7C356AA544A0E8FE2DCE87C53368E;27.8029;SP;Ribeirão Preto;2.7803;IRU;AT;Aguardando analise
 SP-3543402-16375E15C69F4D4EB0050E67C56F0691;0.2682;SP;Ribeirão Preto;0.0268;IRU;AT;Aguardando analise
 SP-3543402-113A48BDD10A4AF7A955A9748453A4B4;167.5379;SP;Ribeirão Preto;16.7538;IRU;AT;Aguardando analise
 SP-3543402-1DA8730846C74686A4AB4FFFEDF102CA;80.5436;SP;Ribeirão Preto;8.0544;IRU;AT;Aguardando analise
 SP-3543402-5A873C9F8073483AAE8BEF43059F565E;267.1800;SP;Ribeirão Preto;26.7180;IRU;AT;Aguardando analise
 SP-3543402-60695813643743D182E0D2798D0C2DEE;0.1591;SP;Ribeirão Preto;0.0159;IRU;AT;Aguardando analise
 SP-3543402-474871946C974454B19F7642EC156402;10.5650;SP;Ribeirão Preto;1.0565;IRU;AT;Aguardando analise
 SP-3543402-D0413AE1022648658BD4FE439EC4561F;0.0750;SP;Ribeirão Preto;0.0075;IRU;AT;Aguardando analise
 SP-3543402-86DBB1CD9252457BA53472F2B71E04A6;50.1044;SP;Ribeirão Preto;5.0104;IRU;AT;Aguardando analise
 SP-3543402-2F1F8D3B8515426C9C003D618E5F0C5A;93.5410;SP;Ribeirão Preto;9.3541;IRU;AT;Aguardando analise
 SP-3543402-32B129A33E2E4326A95630AD5F130922;7.8333;SP;Ribeirão Preto;0.7833;IRU;AT;Aguardando analise
 SP-3543402-FC5F1785A8984096ADF833A06D8CF872;4.8774;SP;Ribeirão Preto;0.4877;IRU;AT;Aguardando analise
 SP-3543402-7F143E1584D941ADBD2CC84F8BD9FD99;12.4882;SP;Ribeirão Preto;1.2488;IRU;AT;Aguardando analise
 SP-3543402-E6EC5F8EB7BE4251A28970003BF8480A;7.3815;SP;Ribeirão Preto;0.7382;IRU;AT;Aguardando analise
 SP-3543402-B6E861B447C848EDAAFB0D0770F33120;3.2483;SP;Ribeirão Preto;0.2520;IRU;AT;Aguardando analise
 SP-3543402-BB4A05F9A61C478FAF9D9FC927ED37B3;3.0905;SP;Ribeirão Preto;0.3010;IRU;AT;Aguardando analise
 SP-3543402-81CFF741809D4F5181482397B3D6E8DF;1.6819;SP;Ribeirão Preto;0.1682;IRU;AT;Aguardando analise
 SP-3543402-A9DBBDEE41F74FE588A8B9DD106CC017;39.8986;SP;Ribeirão Preto;3.9896;IRU;AT;Aguardando analise
 SP-3543402-7573C03C50D648A4ACA98200D337B48C;3.9428;SP;Ribeirão Preto;0.3943;IRU;AT;Aguardando analise
 SP-3543402-E7640454499D4E7198A32C8AD71E4A7F;8.8614;SP;Ribeirão Preto;0.8581;IRU;AT;Aguardando analise
 SP-3543402-AE96C173932442DF83DEE45D67463F7E;127.7776;SP;Ribeirão Preto;12.6282;IRU;AT;Aguardando analise
 SP-3543402-815754B3521645F7B1C9199E60091A3E;7.8387;SP;Ribeirão Preto;0.6517;IRU;AT;Aguardando analise
 SP-3543402-D7EB975E32164D9B8E9CDB7CB69E8F04;4.0122;SP;Ribeirão Preto;0.4012;IRU;AT;Aguardando analise
 SP-3543402-3145A6A3B38045E6AE2BA592C5399922;0.1772;SP;Ribeirão Preto;0.0177;IRU;AT;Aguardando analise
 SP-3543402-422AE81CE8A94999B1873D662B435892;7.0021;SP;Ribeirão Preto;0.6675;IRU;AT;Aguardando analise
 SP-3543402-4585A1BD4A014E5D9D95EF03B88A2412;2.7963;SP;Ribeirão Preto;0.2796;IRU;AT;Aguardando analise
 SP-3543402-EEAD04469EC747B2BD184120D3F36836;7.4023;SP;Ribeirão Preto;0.7402;IRU;AT;Aguardando analise
 SP-3543402-C797846967464E8B9EB4B8BFB32A5D7E;15.8357;SP;Ribeirão Preto;1.5836;IRU;AT;Aguardando analise
 SP-3543402-5ECF783B29BB42D2A4CA3EB461CFB6C5;466.1830;SP;Ribeirão Preto;43.7377;IRU;AT;Aguardando analise
 SP-3543402-F353702200F44F17BB622732C824EBCA;5.3633;SP;Ribeirão Preto;0.5363;IRU;AT;Aguardando analise
 SP-3543402-9E681B71D770446BAAF1FF626D63F251;48.2609;SP;Ribeirão Preto;4.8261;IRU;AT;Aguardando analise
 SP-3543402-910CA7D192814C21AF08F841E2EF3108;52.1578;SP;Ribeirão Preto;5.2158;IRU;AT;Aguardando analise
 SP-3543402-01E28DA7B7824B44B03198AD52C92B0A;2.4519;SP;Ribeirão Preto;0.2171;IRU;AT;Aguardando analise
 SP-3543402-0E8D6AEBC2AC41E5A385167C738B6106;4.3596;SP;Ribeirão Preto;0.4360;IRU;AT;Aguardando analise
 SP-3543402-99394FE29BEF4D1B96CEE072BD44E563;0.9348;SP;Ribeirão Preto;0.0935;IRU;AT;Aguardando analise
 SP-3543402-496C92E7B13746D6A3F2475ADD83DBD7;36.2521;SP;Ribeirão Preto;3.6252;IRU;CA;CANCELADO_POR_DECISAO_ADMINISTRATIVA
 SP-3543402-D771892216CC44A8B23AA55F972E1545;3.6317;SP;Ribeirão Preto;0.3632;IRU;AT;Aguardando analise
 SP-3543402-6BCD1075B51B408EB5E2E576636B753F;3.6533;SP;Ribeirão Preto;0.3653;IRU;AT;Aguardando analise
 SP-3543402-C58D8DF6F73A4E0298DDE0727CFB71C1;8.2902;SP;Ribeirão Preto;0.8290;IRU;AT;Aguardando analise
 SP-3543402-DE422FA52C5F423BB6D501AFE4F6D4A8;6.2325;SP;Ribeirão Preto;0.5415;IRU;AT;Aguardando analise
 SP-3543402-343A3749E0ED45B8A35DBFDAD701FB42;26.3566;SP;Ribeirão Preto;2.6357;IRU;AT;Aguardando analise
 SP-3543402-9590DC3BC0A04D14A5F43129699F6140;22.3881;SP;Ribeirão Preto;2.2318;IRU;AT;Aguardando analise
 SP-3543402-375ED423F8064272B7CE91476D1D910A;21.2828;SP;Ribeirão Preto;2.1283;IRU;AT;Aguardando analise
 SP-3543402-214EA53EAB324D02805EA43F8FC90915;2.5686;SP;Ribeirão Preto;0.2569;IRU;AT;Aguardando analise
 SP-3543402-B040F33DD0AD48E48B00389E4CF6EEF7;30.8784;SP;Ribeirão Preto;3.0801;IRU;AT;Aguardando analise
 SP-3543402-24CA69D76FA74C2180CFBB7F6F21E886;66.4393;SP;Ribeirão Preto;6.6439;IRU;AT;Aguardando analise
 SP-3543402-533F84A045784B52A154A2E4336C5F61;9.5974;SP;Ribeirão Preto;0.9597;IRU;AT;Aguardando analise
 SP-3543402-14C17CC001154E738FD46FFCF8EA2192;4.3202;SP;Ribeirão Preto;0.4320;IRU;AT;Aguardando analise
 SP-3543402-CFE7F0A5FCD2497F90CECB4F4F862679;38.3980;SP;Ribeirão Preto;3.7951;IRU;AT;Aguardando analise
 SP-3543402-C37740975053438F8CF38309BC59D5F7;530.3207;SP;Ribeirão Preto;53.0043;IRU;AT;Aguardando analise
 SP-3543402-714D15CF757A4B048B2A8216DDF04842;50.6424;SP;Ribeirão Preto;5.0642;IRU;AT;Aguardando analise
 SP-3543402-166222ECBD3E49F6B8C9D85741B9E09E;19.8124;SP;Ribeirão Preto;1.9812;IRU;AT;Aguardando analise
 SP-3543402-7A00997DDF5E484392E938B618988BB8;60.5006;SP;Ribeirão Preto;6.0185;IRU;AT;Aguardando analise
 SP-3543402-BBF64FB8B02C4A0B83D4B56EA81D2096;0.8569;SP;Ribeirão Preto;0.0741;IRU;AT;Aguardando análise
 SP-3543402-7EF69B0CDB2A4B8B8CF2F03A9E81FC1B;30.6809;SP;Ribeirão Preto;3.0681;IRU;AT;Aguardando analise
 SP-3543402-BD1C609774F84FEAACDAE6AD2D5DB3B0;14.5157;SP;Ribeirão Preto;1.4516;IRU;AT;Aguardando analise
 SP-3543402-3A3D58B2A8AE423CBC566725F367E638;12.6374;SP;Ribeirão Preto;1.2637;IRU;AT;Aguardando analise
 SP-3543402-DE2DD4DE8C9745D2BB23066DBB280402;131.1480;SP;Ribeirão Preto;13.1148;IRU;AT;Aguardando analise
 SP-3543402-B58925C804584C2DA20908DD51BD77FF;12.1847;SP;Ribeirão Preto;1.2185;IRU;AT;Aguardando analise
 SP-3543402-F354371F5B7E47E6BDF71EBC60CDA942;8.8800;SP;Ribeirão Preto;0.8880;IRU;AT;Aguardando analise
 SP-3543402-9B7041C6D21A405A8069318DE00D0B7D;23.0610;SP;Ribeirão Preto;2.2514;IRU;AT;Aguardando analise
 SP-3543402-333183DF45774B4792BEC5652086BCD4;1.9995;SP;Ribeirão Preto;0.2000;IRU;AT;Aguardando analise
 SP-3543402-900C6A23D5F04C51B8DA84F251E17666;6.2472;SP;Ribeirão Preto;0.6177;IRU;CA;CANCELADO_POR_DECISAO_ADMINISTRATIVA
 SP-3543402-0E0627804DB7429A925CFBACC5C4D190;86.0061;SP;Ribeirão Preto;8.6006;IRU;AT;Aguardando analise
 SP-3543402-7B6087E46C4D49B29439155806BE8FB1;0.5015;SP;Ribeirão Preto;0.0501;IRU;AT;Aguardando analise
 SP-3543402-C4C78671815A48F4BEE3D74685693453;2.0096;SP;Ribeirão Preto;0.2010;IRU;AT;Aguardando análise, não passível de revisão de dados
 SP-3543402-0B5A6ABEE6574035A9D5A4866053A1C1;14.6036;SP;Ribeirão Preto;1.4604;IRU;AT;Aguardando analise
 SP-3543402-1695D54463A5421EBAF9151D754250A5;4.7755;SP;Ribeirão Preto;0.4776;IRU;AT;Aguardando analise
 SP-3543402-6674778B9BA644378C05D3E983CFD813;56.0072;SP;Ribeirão Preto;5.1037;IRU;AT;Aguardando analise
 SP-3543402-FF9B9E9D35204A85BB27055777E62C0E;14.2346;SP;Ribeirão Preto;1.4235;IRU;AT;Aguardando analise
 SP-3543402-8402D666868049AD9521285BD00BC02D;7.1673;SP;Ribeirão Preto;0.7167;IRU;AT;Aguardando analise
 SP-3543402-0C6BE2EAB5F844509FA0B1A3E6D5DCF3;3.3586;SP;Ribeirão Preto;0.3359;IRU;AT;Aguardando analise
 SP-3543402-0BB4086145B746DCB291F57666B5812C;51.0022;SP;Ribeirão Preto;5.1002;IRU;AT;Aguardando analise
 SP-3543402-06DCE01BD8D64962B092A2B1BC79B9CD;2.5265;SP;Ribeirão Preto;0.2526;IRU;AT;Aguardando analise
 SP-3543402-EE91795959CD4AEA8AA907D4AEC485E9;18.1301;SP;Ribeirão Preto;1.8130;IRU;AT;Aguardando analise
 SP-3543402-5979D96C5C46422B88321AA812A0B29E;1.8183;SP;Ribeirão Preto;0.1818;IRU;AT;Aguardando análise, não passível de revisão de dados
 SP-3543402-D9C1763215FE4C3DA0E013081A6BFDD1;4.8107;SP;Ribeirão Preto;0.4811;IRU;AT;Aguardando análise, não passível de revisão de dados
 SP-3543402-04F7425A6F344A8E83BE50472FF811AE;52.3880;SP;Ribeirão Preto;5.0738;IRU;AT;Aguardando analise
 SP-3543402-A93B3FFBFCEE496DA5F5E38FAE623A13;11.1085;SP;Ribeirão Preto;1.1108;IRU;AT;Aguardando analise
 SP-3543402-35D7A470EA724BD191CC5517DCF04AF7;22.8849;SP;Ribeirão Preto;2.2885;IRU;AT;Aguardando analise
 SP-3543402-D030BD446D1241E1A8ADBAB5547A0686;12.3638;SP;Ribeirão Preto;1.2364;IRU;AT;Aguardando analise
 SP-3543402-C2EB50AABC59404FAD0F72DDA89B0E1F;276.8012;SP;Ribeirão Preto;26.0381;IRU;AT;Aguardando analise
 SP-3543402-6D5023AB790C45E59A1C7F4DC0CBA4C8;218.9349;SP;Ribeirão Preto;21.8935;IRU;AT;Aguardando analise
 SP-3543402-FA9C191D984A4199B9287F0F72AFCE49;9.7478;SP;Ribeirão Preto;0.9748;IRU;AT;Aguardando analise
 SP-3543402-C72234B108A5447A84CD4EB83958B0BA;24.1707;SP;Ribeirão Preto;0.0000;IRU;AT;Aguardando analise
 SP-3543402-6B4B153304724F8CBD838F98D23C570E;51.2463;SP;Ribeirão Preto;5.1246;IRU;AT;Aguardando analise
 SP-3543402-97C417B866244F148D119E0E765E55C5;5.4695;SP;Ribeirão Preto;0.5469;IRU;AT;Aguardando analise
 SP-3543402-4A9DDC548E8A4ECB9D048D881E76C395;41.2752;SP;Ribeirão Preto;4.1275;IRU;AT;Aguardando analise
 SP-3543402-95107DA406354816AF541D2F94BD298F;175.7507;SP;Ribeirão Preto;17.4598;IRU;AT;Aguardando analise
 SP-3543402-E2A0C7DB978C42B6B7627093842171BD;49.0463;SP;Ribeirão Preto;4.8585;IRU;AT;Aguardando analise
 SP-3543402-8A061192113A4849A29462D3C7D626E5;185.4610;SP;Ribeirão Preto;18.4309;IRU;AT;Aguardando analise
 SP-3543402-8ADD307959594069BB6CAFDABB99117A;10.2984;SP;Ribeirão Preto;1.0298;IRU;AT;Aguardando analise
 SP-3543402-783133CFDE014AA3A6D355CA5705CB1C;74.5076;SP;Ribeirão Preto;7.4508;IRU;AT;Aguardando analise
 SP-3543402-67E081386D114CD085B0FE60D78BED02;6.2708;SP;Ribeirão Preto;0.6271;IRU;AT;Aguardando analise
 SP-3543402-38AC4E22130E459F8B554FFA0A69482E;2.0109;SP;Ribeirão Preto;0.2011;IRU;AT;Aguardando analise
 SP-3543402-704D390D206A437DB7DD27B6B90DE068;3.2288;SP;Ribeirão Preto;0.3229;IRU;AT;Aguardando analise
 SP-3543402-3427B8D955D24787BEA063F0C8AB87B9;50.1687;SP;Ribeirão Preto;4.9689;IRU;AT;Aguardando analise
 SP-3543402-F678787C10E14898A62D16912BFC61FB;98.9053;SP;Ribeirão Preto;9.8651;IRU;AT;Aguardando análise, não passível de revisão de dados
 SP-3543402-97208FA8FAB6475EA32ABF9D7B41EBD4;31.3209;SP;Ribeirão Preto;3.1072;IRU;AT;Aguardando analise
 SP-3543402-0055A3249B0E4BCCB4B8E12C85049F95;7.9363;SP;Ribeirão Preto;0.7936;IRU;AT;Aguardando analise
 SP-3543402-AB284DBD7D984EBB82E4FB28ECC13EFD;2.2853;SP;Ribeirão Preto;0.2285;IRU;AT;Aguardando analise
 SP-3543402-BF8448B02B594251A5F505F5B6321D40;6.3313;SP;Ribeirão Preto;0.6331;IRU;AT;Aguardando analise
 SP-3543402-3A47298E4AA642B5A7DCE7A6A97396DC;5.1792;SP;Ribeirão Preto;0.5179;IRU;AT;Aguardando analise
 SP-3543402-0A8091A2DE604656BE1300758A80774E;36.3734;SP;Ribeirão Preto;3.6064;IRU;AT;Aguardando analise
 SP-3543402-39066340522C485AB6E6CA052F59FA8C;43.2626;SP;Ribeirão Preto;4.3263;IRU;AT;Aguardando análise, não passível de revisão de dados
 SP-3543402-CAF3D33E96E44E10B4A7E0B506C20914;6.1106;SP;Ribeirão Preto;0.6111;IRU;AT;Aguardando analise
 SP-3543402-3DD44BFE86364AFDBE82077075FCD94E;9.1440;SP;Ribeirão Preto;0.9144;IRU;AT;Aguardando analise
 SP-3543402-5E1A6D83084849D49111C9FA273FC54C;94.6633;SP;Ribeirão Preto;9.4663;IRU;AT;Aguardando analise
 SP-3543402-0769E344A9954D90870422D0E78761BE;3.9285;SP;Ribeirão Preto;0.3929;IRU;AT;Aguardando analise
 SP-3543402-F41687E8C75A457A9EB26148AA2AA54A;235.3253;SP;Ribeirão Preto;23.4263;IRU;AT;Aguardando análise
 SP-3543402-F040D5AE01384691A57839314591277C;12.1025;SP;Ribeirão Preto;1.2102;IRU;AT;Aguardando analise
 SP-3543402-33D6B27002274854B6E2E926D992F04A;122.8938;SP;Ribeirão Preto;12.2894;IRU;AT;Aguardando analise
 SP-3543402-B7BFCF82C1C54261978FE5D4162BEF46;62.8649;SP;Ribeirão Preto;6.2865;IRU;AT;Aguardando analise
 SP-3543402-84B31428D64744348DF5C6B42653AD05;584.2673;SP;Ribeirão Preto;58.4267;IRU;AT;Aguardando analise
 SP-3543402-C4AD55D653934BDEBCF513DB0111CD6B;4.0010;SP;Ribeirão Preto;0.4001;IRU;AT;Aguardando analise
 SP-3543402-726ADC094BF045FDB10BA67D1E59F22C;11.4440;SP;Ribeirão Preto;1.1444;IRU;AT;Aguardando analise
 SP-3543402-7B4F6FCED78B47D7A24BD77D4B74F607;69.1049;SP;Ribeirão Preto;6.9105;IRU;AT;Aguardando analise
 SP-3543402-87220DDDE4984C489D729941E0D9F737;8.3321;SP;Ribeirão Preto;0.8332;IRU;AT;Aguardando análise
 SP-3543402-3FDE10CE37484C178BC6C62DC63C1CA7;11.5263;SP;Ribeirão Preto;1.1526;IRU;AT;Aguardando analise
 SP-3543402-F00D2E04318A427A960B1CC7A2028EB8;11.0727;SP;Ribeirão Preto;1.1065;IRU;AT;Aguardando analise
 SP-3543402-4A74DE9E5FD344D4A8D089731D77EE12;1.9982;SP;Ribeirão Preto;0.1998;IRU;AT;Aguardando análise
 SP-3543402-1A33EA725AA04832B190D2389E47ADEF;30.5551;SP;Ribeirão Preto;3.0555;IRU;AT;Aguardando analise
 SP-3543402-9D448ED35C3B44E1878FF7730936615D;0.8378;SP;Ribeirão Preto;0.0838;IRU;AT;Aguardando analise
 SP-3543402-A3C850AE101542F587F75AB450CD87EA;14.5944;SP;Ribeirão Preto;1.4215;IRU;AT;Aguardando análise
 SP-3543402-CC40CB7307B64146B136BCC1878194F9;85.3711;SP;Ribeirão Preto;8.5371;IRU;AT;Aguardando analise
 SP-3543402-76AA7512AAF942599455BCD4627418C9;31.1994;SP;Ribeirão Preto;3.1199;IRU;AT;Aguardando analise
 SP-3543402-FF41BEE7E0FD462F8B1305C2517A1A38;56.2877;SP;Ribeirão Preto;5.6288;IRU;AT;Aguardando analise
 SP-3543402-2DAAC32183BE44A797A0ADEBA7258EA7;53.7514;SP;Ribeirão Preto;5.3751;IRU;AT;Aguardando análise, não passível de revisão de dados
 SP-3543402-4D44B632F9274102AC2810FF51D740E9;6.8025;SP;Ribeirão Preto;0.5099;IRU;AT;Aguardando analise
 SP-3543402-06F37B6F2BC344B8BF4FDF7010F1EAEF;6.9834;SP;Ribeirão Preto;0.6983;IRU;CA;CANCELADO_POR_DECISAO_ADMINISTRATIVA
 SP-3543402-6B1A15A2208044ECACB6795A02F9A1D3;48.8783;SP;Ribeirão Preto;4.8534;IRU;AT;Aguardando analise
 SP-3543402-502F1DA5E87B45CCB431349B714BC4E7;15.6533;SP;Ribeirão Preto;1.5653;IRU;AT;Aguardando analise
 SP-3543402-20C03D1C5529499B9DD42F074AD4BE77;36.4150;SP;Ribeirão Preto;3.6415;IRU;AT;Aguardando analise
 SP-3543402-168508D95AD14486A69ED24C71806C69;26.1200;SP;Ribeirão Preto;2.6120;IRU;AT;Aguardando analise
 SP-3543402-392E4262FD65405D9B59B436BDAB08A4;1.2631;SP;Ribeirão Preto;0.1250;IRU;AT;Aguardando analise
 SP-3543402-43C8BDCBCE674A9C961BDA97DF9A3905;1.0383;SP;Ribeirão Preto;0.0000;IRU;AT;Aguardando analise
 SP-3543402-FB219CA4F6AA4588AF2B80E948058DBC;175.0845;SP;Ribeirão Preto;17.2673;IRU;AT;Aguardando analise
 SP-3543402-81B4CEBB06C34415BAD5B77A8D5A2A37;75.0523;SP;Ribeirão Preto;7.5052;IRU;AT;Aguardando analise
 SP-3543402-1ECBC38B4085480DA19904B18EBE2ACA;104.8996;SP;Ribeirão Preto;10.4900;IRU;AT;Aguardando analise
 SP-3543402-14A92816D5D042E2A9E176DCE15A64F5;24.2211;SP;Ribeirão Preto;2.4221;IRU;AT;Aguardando analise
 SP-3543402-80F9EC3522B94B2991592BC17C1C9E92;113.2869;SP;Ribeirão Preto;11.3287;IRU;AT;Aguardando analise
 SP-3543402-C0B634781E5B4B8CA18D8F2C55628091;9.2652;SP;Ribeirão Preto;0.9265;IRU;AT;Aguardando análise
 SP-3543402-68A1D67822FD486D8F6EBF148EC7F7D5;12.9952;SP;Ribeirão Preto;1.2959;IRU;AT;Aguardando analise
 SP-3543402-E806CB32B17342B1AEFA015366E29D38;39.8933;SP;Ribeirão Preto;3.9893;IRU;AT;Aguardando analise
 SP-3543402-4EA6CCC07B6546E38D7D8B44B757C079;3.4796;SP;Ribeirão Preto;0.3480;IRU;AT;Aguardando analise
 SP-3543402-1515274A63044BC7AB877DDE99ED823A;15.5467;SP;Ribeirão Preto;1.5547;IRU;AT;Aguardando analise
 SP-3543402-3E300AB697724704A163575E8D9DF619;11.3771;SP;Ribeirão Preto;1.1377;IRU;AT;Aguardando analise
 SP-3543402-631DDD0C9E4D4C168D7DD60E5D9F1115;30.2656;SP;Ribeirão Preto;3.0266;IRU;AT;Aguardando analise
 SP-3543402-42E69DAFD66A48F2A2C94EF340E96EAD;119.2358;SP;Ribeirão Preto;11.8416;IRU;AT;Aguardando analise
 SP-3543402-F244EC32508641CB95F37A625DA33583;90.3196;SP;Ribeirão Preto;9.0320;IRU;AT;Aguardando análise
 SP-3543402-E54E68FD9BDD41B3BCF604F52F2A6079;94.1403;SP;Ribeirão Preto;9.4140;IRU;AT;Aguardando análise
 SP-3543402-3D0542CB9FE14B5FBE300F6019D4716B;12.6387;SP;Ribeirão Preto;1.2639;IRU;AT;Aguardando análise
 SP-3543402-240810E2EB594EFF9B1702363B7583C6;4.1034;SP;Ribeirão Preto;0.4103;IRU;AT;Aguardando análise
 SP-3543402-16C38FEF32994E25941935BEB32CB3D1;17.6834;SP;Ribeirão Preto;1.7683;IRU;AT;Aguardando analise
 SP-3543402-8D5D1921CF8245FEAB62CA7F6C73BBAC;7.6835;SP;Ribeirão Preto;0.7684;IRU;AT;Aguardando analise
 SP-3543402-D85BDF66D9904123A5D7692832F9683C;75.2536;SP;Ribeirão Preto;7.3939;IRU;AT;Aguardando analise
 SP-3543402-AC51473C98884771A696E3429AAA68FF;16.7224;SP;Ribeirão Preto;1.6722;IRU;AT;Aguardando analise
 SP-3543402-E54E291232144412B26424F78CB99123;71.2361;SP;Ribeirão Preto;7.0053;IRU;AT;Aguardando análise
 SP-3543402-41FC9A7C47EF43A6B4A29AE8D3B16467;70.9208;SP;Ribeirão Preto;7.0921;IRU;AT;Aguardando analise
 SP-3543402-271A54EA085B4C358F153B4F284F2E14;58.6528;SP;Ribeirão Preto;5.8653;IRU;AT;Aguardando analise
 SP-3543402-27FCCB49FC79413DA0347DA9BCDFF30B;2.4510;SP;Ribeirão Preto;0.2451;IRU;AT;Aguardando análise
 SP-3543402-3F6C42CA6E9542DC9D928591A112690F;24.1986;SP;Ribeirão Preto;2.4199;IRU;CA;CANCELADO_POR_DECISAO_ADMINISTRATIVA
 SP-3543402-A9DFE77D9703427AAAD720C45B9C53B7;1.8502;SP;Ribeirão Preto;0.1850;IRU;AT;Aguardando análise, não passível de revisão de dados
 SP-3543402-69673E96BFC243FDAD6BC086BFD73B4F;3.0529;SP;Ribeirão Preto;0.3053;IRU;AT;Aguardando analise
 SP-3543402-AE6DE8E1E73C4ABCB714211B72935980;3.5985;SP;Ribeirão Preto;0.3598;IRU;AT;Aguardando análise
 SP-3543402-4D79777AFE6C4D6CADB2D72F4F11FC9B;3.0928;SP;Ribeirão Preto;0.3093;IRU;AT;Aguardando analise
 SP-3543402-A9B9E69510F448D9B9D014E01B38E643;4.5314;SP;Ribeirão Preto;0.4531;IRU;AT;Aguardando analise
 SP-3543402-467ED27E62484BA3B3BC95EE643009DE;51.2067;SP;Ribeirão Preto;5.1207;IRU;AT;Aguardando análise
 SP-3543402-01283423AE2442A899E5A6A2BE5A828F;225.1645;SP;Ribeirão Preto;22.5164;IRU;AT;Aguardando analise
 SP-3543402-6C28DAA5CE8842E19AEBB01EE08CC121;98.3004;SP;Ribeirão Preto;9.8300;IRU;AT;Aguardando analise
 SP-3543402-32BCE77BEE3B440EB4B835B994BDA84D;13.2123;SP;Ribeirão Preto;1.1267;IRU;AT;Aguardando análise
 SP-3543402-07FED07E13D9443E8B0636CEB89E522D;2.5287;SP;Ribeirão Preto;0.2458;IRU;AT;Aguardando análise
 SP-3543402-4359E7F681C2440EA2FAB3D514060150;168.6488;SP;Ribeirão Preto;16.8649;IRU;AT;Aguardando análise
 SP-3543402-188EDB67444F4A428CDAC2174BDFDD9D;892.5971;SP;Ribeirão Preto;89.2597;IRU;AT;Aguardando análise, não passível de revisão de dados
 SP-3543402-BC0C1FED79C74949923712EFAD542B68;8.8453;SP;Ribeirão Preto;0.8845;IRU;AT;Aguardando análise
 SP-3543402-D648AF3155B449C4B8F6CE44BCBB08C6;2.9486;SP;Ribeirão Preto;0.2949;IRU;AT;Aguardando análise
 SP-3543402-4B9D46D1ECDE44D790193F57C81C3A23;16.6950;SP;Ribeirão Preto;1.6695;IRU;AT;Aguardando análise
 SP-3543402-3D3EC63558934AA3ACEF13F7E6C2A922;3.6309;SP;Ribeirão Preto;0.0000;IRU;AT;Aguardando análise
 SP-3543402-6B318E23D1194E2F93D0F86F996887E5;25.5951;SP;Ribeirão Preto;2.5595;IRU;AT;Aguardando análise
 SP-3543402-62B7DC2A83414271BC9CE14268B499D9;143.4638;SP;Ribeirão Preto;14.3464;IRU;AT;Aguardando analise
 SP-3543402-6E9952FA14154622962CD3EA1126B217;76.1505;SP;Ribeirão Preto;7.4933;IRU;AT;Aguardando análise
 SP-3543402-43AABB4E6C46418C929E4DB4081B99B5;14.5226;SP;Ribeirão Preto;1.4523;IRU;AT;Aguardando análise
 SP-3543402-4406BCD1247A430F8E2B7C4BCD25522A;0.4866;SP;Ribeirão Preto;0.0487;IRU;AT;Aguardando analise
 SP-3543402-F06698E99E2D43FCA23DCC75BCAD1D16;2.0119;SP;Ribeirão Preto;0.2012;IRU;AT;Aguardando analise
 SP-3543402-C743AD0972924090BE3C3B6C9B86A0B0;11.2349;SP;Ribeirão Preto;1.1235;IRU;AT;Aguardando análise
 SP-3543402-FF765AE07911407394F7D14BFBF9A1C3;8.7344;SP;Ribeirão Preto;0.8734;IRU;AT;Aguardando análise
 SP-3543402-598413DFBBEC4BC3B84107E2A07DB88F;79.0066;SP;Ribeirão Preto;6.7360;IRU;AT;Aguardando analise
 SP-3543402-537FFD3C56834A16A7F775FC488EB31C;197.1557;SP;Ribeirão Preto;19.7117;IRU;AT;Aguardando analise
 SP-3543402-CB81F7B4366244649973B366A69966CB;4.5794;SP;Ribeirão Preto;0.4579;IRU;AT;Aguardando análise
 SP-3543402-AA8C5E9DD40A451BA547A24253630151;6.8377;SP;Ribeirão Preto;0.6838;IRU;AT;Aguardando analise
 SP-3543402-84504166EE324460A94D7F0F366558EE;3.3151;SP;Ribeirão Preto;0.3315;IRU;AT;Aguardando analise
 SP-3543402-D420FE889EA64D85A7EEECF635D3FBDD;3.9287;SP;Ribeirão Preto;0.3929;IRU;AT;Aguardando análise
 SP-3543402-0337B49CD14B4F7ABD73DD638EBE01D8;6.2020;SP;Ribeirão Preto;0.6202;IRU;AT;Aguardando análise
 SP-3543402-866152FE8D684F76BC21E6B0E6C59FCF;8.2656;SP;Ribeirão Preto;0.8266;IRU;AT;Aguardando análise
 SP-3543402-DC7EA46CDA2E4610B0198949CB1EC90D;38.1523;SP;Ribeirão Preto;3.7324;IRU;AT;Aguardando analise
 SP-3543402-327A272BFC8043A39004C1CB9BEDC7C1;34.6478;SP;Ribeirão Preto;3.4648;IRU;AT;Aguardando analise
 SP-3543402-667FF60D0ECE405DAF7F99EB1A9AECBC;0.2382;SP;Ribeirão Preto;0.0238;IRU;AT;Aguardando análise
 SP-3543402-9A67C52287E64147BAE1FF75A58AC675;1.9972;SP;Ribeirão Preto;0.1997;IRU;AT;Aguardando analise
 SP-3543402-49FB5BC923DE40D9AF0778B82FFE4B4F;16.4941;SP;Ribeirão Preto;1.6494;IRU;AT;Aguardando analise
 SP-3543402-89AECB44B4BF436AA9C2609A34DC44DC;1.3377;SP;Ribeirão Preto;0.1338;IRU;AT;Aguardando análise
 SP-3543402-EF02DB8336444E62AB8638539FD74A54;25.1767;SP;Ribeirão Preto;2.5177;IRU;AT;Aguardando analise
 SP-3543402-E3F60480688A4A74B4298D101467747E;8.8134;SP;Ribeirão Preto;0.8813;IRU;AT;Aguardando analise
 SP-3543402-CC4BF550476642CEB9B6D12193AE669B;1.1308;SP;Ribeirão Preto;0.1131;IRU;AT;Aguardando analise
 SP-3543402-26122A2BF6FB4B4D941A5BDD6CAB85E6;193.8115;SP;Ribeirão Preto;19.2851;IRU;AT;Aguardando analise
 SP-3543402-6DBF9BB9740B4798B20E4266FFF744ED;3.1800;SP;Ribeirão Preto;0.3180;IRU;AT;Aguardando análise
 SP-3543402-6DF4383214C84D7D9AB856A48FEAF015;12.9947;SP;Ribeirão Preto;1.2995;IRU;AT;Aguardando analise
 SP-3543402-9FCF2ABA47784C39B924BDFC747AE144;84.3125;SP;Ribeirão Preto;8.4312;IRU;AT;Aguardando análise, não passível de revisão de dados
 SP-3543402-667BC9C8272D45979459F3C2F72B5F72;81.7194;SP;Ribeirão Preto;8.1719;IRU;AT;Aguardando analise
 SP-3543402-4CAFE43AD8064FD8B0DEC96E76B830D9;0.1143;SP;Ribeirão Preto;0.0114;IRU;AT;Aguardando analise
 SP-3543402-1E98AF14E5764D489833651F607EB054;6.0479;SP;Ribeirão Preto;0.6048;IRU;AT;Aguardando analise
 SP-3543402-2F7066D468754432A9F3F609343D0683;52.6951;SP;Ribeirão Preto;5.2337;IRU;AT;Aguardando analise
 SP-3543402-CFDDCEB23AB34338811A733B3EEE8616;22.1654;SP;Ribeirão Preto;2.2165;IRU;AT;Aguardando análise
 SP-3543402-48F4E1C2542047FB878BF3897AC416AA;7.2087;SP;Ribeirão Preto;0.7134;IRU;AT;Aguardando analise
 SP-3543402-626556CA994F4E2F8E3BD63DAE524AC1;19.4380;SP;Ribeirão Preto;1.9438;IRU;AT;Aguardando analise
 SP-3543402-AA459E945CCE43F3B67B4A968E0E37FC;2.3532;SP;Ribeirão Preto;0.2353;IRU;AT;Aguardando análise
 SP-3543402-D3F7D4AE847C4B4296B77A05045EA82F;43.9144;SP;Ribeirão Preto;4.3914;IRU;AT;Aguardando analise
 SP-3543402-8269C8C5E13C47A489B0A166E6D545C7;32.0114;SP;Ribeirão Preto;2.8107;IRU;AT;Aguardando analise
 SP-3543402-0A0F50509BCA460CA6FFDCAD8CA34D5A;0.1271;SP;Ribeirão Preto;0.0127;IRU;AT;Aguardando analise
 SP-3543402-8EA81AFA96FC49768B1BB8C91AAB5615;1.9996;SP;Ribeirão Preto;0.2000;IRU;AT;Aguardando análise
 SP-3543402-1327933DC2034212A624DA3F3E745A19;24.2018;SP;Ribeirão Preto;2.4202;IRU;CA;CANCELADO_POR_DECISAO_ADMINISTRATIVA
 SP-3543402-198BFD91A95E460E8D1D9626AF40C1AB;39.9339;SP;Ribeirão Preto;3.9457;IRU;CA;CANCELADO_POR_DECISAO_ADMINISTRATIVA
 SP-3543402-35E9ECECF775477FA834C8D51B1A3733;21.6481;SP;Ribeirão Preto;2.1648;IRU;AT;Aguardando analise
 SP-3543402-6521707A590B42C7A6342A685F34A440;2.6178;SP;Ribeirão Preto;0.2618;IRU;AT;Aguardando análise
 SP-3543402-9DDB1CA94C3B40D5B5298DE5909BF2DF;89.3032;SP;Ribeirão Preto;8.9115;IRU;AT;Aguardando análise
 SP-3543402-183CA35C94C44C8B8C0F9142A964E4A7;31.4254;SP;Ribeirão Preto;3.1425;IRU;AT;Aguardando análise
 SP-3543402-A4B780178DBC4F54ACAEB9F2C20CC9CC;9.6761;SP;Ribeirão Preto;0.9676;IRU;AT;Aguardando análise
 SP-3543402-CD5D5D84A7654E4AA7ABD63F2E59AA90;41.0568;SP;Ribeirão Preto;4.1057;IRU;AT;Aguardando analise
 SP-3543402-DFCAC4EFB46B430A8BAEFDF30E551030;19.5413;SP;Ribeirão Preto;1.9541;IRU;AT;Aguardando análise
 SP-3543402-B7870DDEABD7449CB7469AFE87AFB0F1;11.3245;SP;Ribeirão Preto;1.0730;IRU;AT;Aguardando análise
 SP-3543402-3B348FE937364B679BC263BE7A674532;5.1053;SP;Ribeirão Preto;0.4982;IRU;AT;Aguardando análise
 SP-3543402-6DEDEFBDB91B407E85A9612A56148272;13.4572;SP;Ribeirão Preto;1.1984;IRU;AT;Aguardando análise
 SP-3543402-1177850156C1432A9E824D4990CF5E15;107.7798;SP;Ribeirão Preto;10.7780;IRU;AT;Aguardando análise
 SP-3543402-0D41750D9A0748E9861861D25DF1B2EE;34.1185;SP;Ribeirão Preto;3.4119;IRU;AT;Aguardando analise
 SP-3543402-98A11B79EFB3463C8856E6353EC505B2;1.4719;SP;Ribeirão Preto;0.1472;IRU;AT;Aguardando análise
 SP-3543402-94B330FC961B4AC2864128F0CED8E27E;107.4180;SP;Ribeirão Preto;10.7418;IRU;AT;Aguardando análise
 SP-3543402-54C3A26CA9EB4EC2BE4EAAFEBC2A553E;22.7480;SP;Ribeirão Preto;2.2748;IRU;AT;Aguardando análise
 SP-3543402-AF49D74124E242F789E04A2D891C1824;3.1030;SP;Ribeirão Preto;0.3103;IRU;AT;Aguardando análise
 SP-3543402-E00889DBBA6E465BB9F3789E7CD1ED8A;3.7528;SP;Ribeirão Preto;0.3753;IRU;AT;Aguardando análise
 SP-3543402-5D76D1D442344980BD0D8FCEC34CC7F8;31.0473;SP;Ribeirão Preto;3.1047;IRU;AT;Aguardando analise
 SP-3543402-EEDB6C52A6D1470CBA6FF74921E95007;323.4047;SP;Ribeirão Preto;31.9781;IRU;AT;Aguardando analise
 SP-3543402-34E3D8CF803D458CB3A9D35C845D16AB;2.4183;SP;Ribeirão Preto;0.2399;IRU;AT;Aguardando análise
 SP-3543402-5B03446ACC234F32A1BCB661719D7496;1121.5229;SP;Ribeirão Preto;111.9968;IRU;AT;Aguardando análise, não passível de revisão de dados
 SP-3543402-5A976D6F946E4D8ABDC138C847EDC2FC;321.8252;SP;Ribeirão Preto;32.1825;IRU;AT;Aguardando análise
 SP-3543402-EE6F4641A74C4CA19A986316CB326448;4.6104;SP;Ribeirão Preto;0.4610;IRU;AT;Aguardando análise
 SP-3543402-940987F7CAAD4E118CCFAC770ED5A3CE;27.9675;SP;Ribeirão Preto;2.7967;IRU;AT;Aguardando analise
 SP-3543402-09D2F7503F514CBFAC01C264AA0815D6;30.1067;SP;Ribeirão Preto;3.0107;IRU;AT;Aguardando analise
 SP-3543402-A7654014ED744BA48C803FFFBD6A63AE;17.4859;SP;Ribeirão Preto;1.7486;IRU;AT;Aguardando análise
 SP-3543402-7C4FD0CBCF1E4A16B9ECF27193EACE66;16.6231;SP;Ribeirão Preto;1.6295;IRU;AT;Aguardando análise
 SP-3543402-D983E07AA7EA4E5CB715D41F5D190459;112.3623;SP;Ribeirão Preto;10.3055;IRU;AT;Aguardando analise
 SP-3543402-621FDF889B474DD2A543C91D7ACEB524;21.7384;SP;Ribeirão Preto;2.0810;IRU;AT;Aguardando análise
 SP-3543402-B4915CC284E0444085FC77B86586E74A;7.2865;SP;Ribeirão Preto;0.7072;IRU;AT;Aguardando analise
 SP-3543402-EAC8956FACC143C98DBD42E82C2AA52C;172.0544;SP;Ribeirão Preto;17.1984;IRU;AT;Aguardando analise
 SP-3543402-87EA2CCAACC74829816D78CD33DAB2B3;0.9251;SP;Ribeirão Preto;0.0925;IRU;AT;Aguardando analise
 SP-3543402-438DDD6D021541DABA034E8640F430DC;26.7125;SP;Ribeirão Preto;0.0000;IRU;AT;Aguardando análise
 SP-3543402-141458A073BD4FE685C1542CE8CDFEC9;14.0041;SP;Ribeirão Preto;1.4004;IRU;AT;Aguardando análise
 SP-3543402-5B06DB0234554BEC97D8EC92F6833A77;30.9256;SP;Ribeirão Preto;3.0926;IRU;AT;Aguardando analise
 SP-3543402-D214373E03D14DA0986BEA09D7EB096C;3.5504;SP;Ribeirão Preto;0.3550;IRU;AT;Aguardando analise
 SP-3543402-69C5F7F30C3040AB90C8F2E002D93787;97.7370;SP;Ribeirão Preto;9.0591;IRU;AT;Aguardando análise
 SP-3543402-B4270473B47C4B0DAD5A342E657DE4C4;12.8220;SP;Ribeirão Preto;1.2782;IRU;AT;Aguardando análise
 SP-3543402-E73B99C49E2D46ACBDD351109BA7AA98;76.0049;SP;Ribeirão Preto;7.6005;IRU;AT;Aguardando análise, não passível de revisão de dados
 SP-3543402-5C0CDD7958DA41408B05CB20E5A0A564;0.8044;SP;Ribeirão Preto;0.0804;IRU;AT;Aguardando analise
 SP-3543402-D52D6EE7FAEE423DB42D32AA62027A41;9.7746;SP;Ribeirão Preto;0.9630;IRU;AT;Aguardando análise
 SP-3543402-F7C9D15A25BD4F8292F4ECDBEE551AD6;35.1381;SP;Ribeirão Preto;3.5138;IRU;AT;Aguardando analise
 SP-3543402-C2CAF178206640AE8974AB5D64B1B852;4.1048;SP;Ribeirão Preto;0.4105;IRU;AT;Aguardando análise
 SP-3543402-E5B6EC72AD234E88A5F8C61B69C4B7DC;3.8142;SP;Ribeirão Preto;0.3814;IRU;AT;Aguardando analise
 SP-3543402-52098E09A04C4E55AC3982988B360B8F;96.4133;SP;Ribeirão Preto;9.6413;IRU;AT;Aguardando analise
 SP-3543402-CC60213BC8294685971F8835E1516365;1.3878;SP;Ribeirão Preto;0.1388;IRU;AT;Aguardando analise
 SP-3543402-BCCFC9DE61834B98AD11DC3137BC360F;7.7872;SP;Ribeirão Preto;0.7787;IRU;AT;Aguardando análise
 SP-3543402-45C2EBAB294648D593511D0093310417;5.4822;SP;Ribeirão Preto;0.5482;IRU;AT;Aguardando análise
 SP-3543402-FD2E915B36AE42B3AE49E4D79862BBB0;63.9141;SP;Ribeirão Preto;6.3914;IRU;AT;Aguardando analise
 SP-3543402-0FA209D195324706B04211392413DB21;0.5040;SP;Ribeirão Preto;0.0504;IRU;AT;Aguardando analise
 SP-3543402-902E1BE4103F46699CBE9F613C931577;1.8122;SP;Ribeirão Preto;0.1812;IRU;AT;Aguardando analise
 SP-3543402-F99C840495844707A5FA128639DEE54A;11.8434;SP;Ribeirão Preto;1.1824;IRU;AT;Aguardando analise
 SP-3543402-FAD0F73BA11D402EA4B8E5648114DC23;6.4348;SP;Ribeirão Preto;0.6435;IRU;AT;Aguardando analise
 SP-3543402-467BAB54EB964BA3B1B9E115466B3B57;13.1950;SP;Ribeirão Preto;1.3195;IRU;AT;Aguardando análise
 SP-3543402-91F5572B47DB463FA133D06DFD1CEB6D;13.9919;SP;Ribeirão Preto;1.3992;IRU;AT;Aguardando análise
 SP-3543402-9ED78183D2D84572AD3CBA2BB0648B90;2.7205;SP;Ribeirão Preto;0.2721;IRU;AT;Aguardando análise
 SP-3543402-EBF6C2D2A8D64D25B2F14B077491D811;2.2966;SP;Ribeirão Preto;0.2297;IRU;AT;Aguardando análise
 SP-3543402-703F65D77ABD43A1A51DF43BFF756124;6.8914;SP;Ribeirão Preto;0.6891;IRU;AT;Aguardando análise
 SP-3543402-66557E3134EB420094F2C88B1BA292A2;9.4604;SP;Ribeirão Preto;0.9352;IRU;AT;Aguardando análise
 SP-3543402-1D1A426F59604AE1ABBB58B95F1D8D88;4.2977;SP;Ribeirão Preto;0.4298;IRU;AT;Aguardando análise
 SP-3543402-F783BAC11BD043918F06CF3AA79DB950;13.2418;SP;Ribeirão Preto;1.3242;IRU;AT;Aguardando analise
 SP-3543402-147518AD8CEB4BD88B2F229AFC8F34CF;86.7091;SP;Ribeirão Preto;8.6709;IRU;AT;Aguardando analise
 SP-3543402-DAC84033249E435B8718AF3C4A1B3838;19.8711;SP;Ribeirão Preto;1.9820;IRU;AT;Aguardando análise
 SP-3543402-D7C3529EC56A4FDFA1037B9B1C2DD307;14.6637;SP;Ribeirão Preto;1.4664;IRU;AT;Aguardando analise
 SP-3543402-1B137E2B727F4C398CB68D0C956C8CCC;2.6807;SP;Ribeirão Preto;0.2681;IRU;AT;Aguardando analise
 SP-3543402-24BF44B3E9C4445499E82A18E72901AD;3.6167;SP;Ribeirão Preto;0.3617;IRU;AT;Aguardando analise
 SP-3543402-740566B8AA6C4CF386F2677F62D0874D;49.0071;SP;Ribeirão Preto;4.9007;IRU;AT;Aguardando análise, não passível de revisão de dados
 SP-3543402-EB76D095BEC54F35BE4A6526CD47D921;8.3425;SP;Ribeirão Preto;0.8342;IRU;AT;Aguardando analise
 SP-3543402-108E10E816194E0E97759A4D4B12AE05;129.7201;SP;Ribeirão Preto;12.9720;IRU;AT;Aguardando análise, não passível de revisão de dados
 SP-3543402-9A91137B63624E48A51727F84F46CB07;3.4780;SP;Ribeirão Preto;0.3478;IRU;AT;Aguardando analise
 SP-3543402-CF19FC3DC37C4C54AB0E67A13EAA547E;2.4822;SP;Ribeirão Preto;0.2482;IRU;AT;Aguardando analise
 SP-3543402-E402283194FC484CBADB23E5EF44D874;12.5194;SP;Ribeirão Preto;1.2519;IRU;AT;Aguardando analise
 SP-3543402-F9D4D9C029A64A5E8D70CCBAD21798EA;6.9943;SP;Ribeirão Preto;0.6994;IRU;AT;Aguardando analise
 SP-3543402-DB5AF5EDD3F44EF0921CC76E8EBCD995;7.8001;SP;Ribeirão Preto;0.7800;IRU;AT;Aguardando analise
 SP-3543402-AAF5CC89B05C4845947470D77A4FC5E8;2.4634;SP;Ribeirão Preto;0.2298;IRU;AT;Aguardando analise
 SP-3543402-4ABC0D06164A4EF59D056F687E1C59A3;48.1619;SP;Ribeirão Preto;4.8162;IRU;AT;Aguardando analise
 SP-3543402-D2AA69E5DFE441F984035A3A14BBD865;2.4416;SP;Ribeirão Preto;0.2442;IRU;AT;Aguardando analise
 SP-3543402-E28C5D23D21C44E09096ECDE24B14407;69.8508;SP;Ribeirão Preto;6.9851;IRU;AT;Aguardando analise
 SP-3543402-941F3FAF482D489D8E2BF682A2352930;72.3237;SP;Ribeirão Preto;7.2324;IRU;AT;Aguardando analise
 SP-3543402-DFFF9A986DF547FF8F8F52F441581DFC;1343.9124;SP;Ribeirão Preto;132.5639;IRU;AT;Aguardando analise
 SP-3543402-F6C234C37F884B4FA26D4D594319AEC4;5.1797;SP;Ribeirão Preto;0.5180;IRU;AT;Aguardando analise
 SP-3543402-FC9F465B33F24A338995C1BE126C8F8B;12.8842;SP;Ribeirão Preto;1.2884;IRU;AT;Aguardando análise, não passível de revisão de dados
 SP-3543402-55AF7055703E45E3A833260E4229A0BA;15.0244;SP;Ribeirão Preto;1.5024;IRU;AT;Aguardando analise
 SP-3543402-87E29905E27D4ABD9CE72C16A3A6FFFB;9.0122;SP;Ribeirão Preto;0.9012;IRU;AT;Aguardando analise
 SP-3543402-DF99ED1658214FDEB9DC50A808B23296;223.2702;SP;Ribeirão Preto;22.1313;IRU;AT;Aguardando analise
 SP-3543402-8DC9245D2FE04AAB9CF915A48E20FF09;23.0618;SP;Ribeirão Preto;2.3062;IRU;AT;Aguardando analise
 SP-3543402-C8AFCE83E0D041A2A02F61A67DCACC8D;9.2658;SP;Ribeirão Preto;0.9266;IRU;AT;Aguardando analise
 SP-3543402-B4C8A880E3C6469893F3BAFE911770C4;24.7359;SP;Ribeirão Preto;2.4736;IRU;AT;Aguardando analise
 SP-3543402-3BC82648905A45C18D6BAEF70E5471F5;11.6727;SP;Ribeirão Preto;1.1673;IRU;AT;Aguardando analise
 SP-3543402-5BC27D7A97D14606AA63EDCF65CC7171;47.8651;SP;Ribeirão Preto;4.7420;IRU;AT;Aguardando analise
 SP-3543402-C878B14DB515400B8362DCA0F15A32C8;1.6394;SP;Ribeirão Preto;0.1639;IRU;AT;Aguardando analise
 SP-3543402-0399E684BF6446218A3CD02215C6260A;89.8783;SP;Ribeirão Preto;8.9710;IRU;AT;Aguardando analise
 SP-3543402-9807B3CB67604526B73458344AF5C9F4;31.9017;SP;Ribeirão Preto;3.1902;IRU;AT;Aguardando analise
 SP-3543402-3BFBEF410C1043FF8621EEAEF88FEEEF;65.1312;SP;Ribeirão Preto;6.5131;IRU;AT;Aguardando analise
 SP-3543402-5470E86E2D59435B874A63A2D9131242;4.2693;SP;Ribeirão Preto;0.4269;IRU;AT;Aguardando analise
 SP-3543402-49F204BAAE7A47CDB7C1B93AF8E0E495;13.5648;SP;Ribeirão Preto;1.3565;IRU;AT;Aguardando analise
 SP-3543402-11541730E3D64588B818B9D7AA0B3B3A;71.7093;SP;Ribeirão Preto;7.1709;IRU;AT;Aguardando analise
 SP-3543402-1242A9D97604415FAD985262D3B6D931;12.1008;SP;Ribeirão Preto;1.2101;IRU;AT;Aguardando analise
 SP-3543402-514F74EBF0044432B9E7BC3A8002F1C8;34.2858;SP;Ribeirão Preto;3.4286;IRU;AT;Aguardando analise
 SP-3543402-BAF41DBC1D704F0AB2FFDD48F8B07265;29.1178;SP;Ribeirão Preto;2.9118;IRU;AT;Aguardando analise
 SP-3543402-7D8B652CF96D459BB4F8F83FDC6B14D2;69.4874;SP;Ribeirão Preto;6.9447;IRU;AT;Aguardando analise
 SP-3543402-BF8AF76777F146BAA14898750A4CDFCC;22.2782;SP;Ribeirão Preto;2.2278;IRU;AT;Aguardando analise
 SP-3543402-0B5CA7592846414EB04F108FD70F58D9;302.8587;SP;Ribeirão Preto;30.2859;IRU;AT;Aguardando analise
 SP-3543402-1B3FC856F19942A6BA5C6499BFF70030;45.0683;SP;Ribeirão Preto;4.5068;IRU;AT;Aguardando analise
 SP-3543402-58C2F3DAB2FB44E3BAC908A03D37BD7D;26.3997;SP;Ribeirão Preto;2.6400;IRU;AT;Aguardando analise
 SP-3543402-0481C1B561344824949C40C7BF0AF6F8;35.0906;SP;Ribeirão Preto;3.5091;IRU;AT;Aguardando analise
 SP-3543402-CD33AF7A6C074FD4B51FF83B4D18F4C9;6.9278;SP;Ribeirão Preto;0.4200;IRU;AT;Aguardando analise
 SP-3543402-6CE9730E975849B6A43B9A96445A108A;10.4137;SP;Ribeirão Preto;1.0413;IRU;AT;Aguardando analise
 SP-3543402-F60DB44DB2D0410DB14995D4BB9B2BBF;120.8011;SP;Ribeirão Preto;11.7211;IRU;AT;Aguardando analise
 SP-3543402-4298C48FE951486EAA8DAAC11DA60292;135.0314;SP;Ribeirão Preto;13.5031;IRU;AT;Aguardando analise
 SP-3543402-09F94D5B86CB472999FBC4F03747FEA9;1.8818;SP;Ribeirão Preto;0.1882;IRU;AT;Aguardando analise
 SP-3543402-000FECC809B045A792263E9B5B09DFDA;13.1800;SP;Ribeirão Preto;1.3180;IRU;AT;Aguardando analise
 SP-3543402-0D8A02AE37BE4F318E70CAC28F5CF324;31.4594;SP;Ribeirão Preto;3.1459;IRU;AT;Aguardando analise
 SP-3543402-D18FEB0749E64F24BFEBA4470C261E12;6.1038;SP;Ribeirão Preto;0.6094;IRU;AT;Aguardando analise
 SP-3543402-DB845F5848B243EE83BC6988D3831FCE;464.9197;SP;Ribeirão Preto;46.4920;IRU;AT;Aguardando analise
 SP-3543402-E72704F3405744A6B1B8BE9AF4BC6EF3;40.4445;SP;Ribeirão Preto;4.0444;IRU;AT;Aguardando análise, não passível de revisão de dados
 SP-3543402-5456A65F49604EB989577F2464ACBA60;0.8003;SP;Ribeirão Preto;0.0800;IRU;AT;Aguardando analise
 SP-3543402-B067E044EC5D4B0ABBB507FBD52DB546;2.8499;SP;Ribeirão Preto;0.2850;IRU;AT;Aguardando analise
 SP-3543402-274D38E4D5774C79ABAA3E051930EB0C;212.4963;SP;Ribeirão Preto;19.6684;IRU;AT;Aguardando analise
 SP-3543402-C450F4497DA0445A89D2115FC95061F4;217.7870;SP;Ribeirão Preto;21.7787;IRU;AT;Aguardando analise
 SP-3543402-7B6162EA4C2040B499D84120B8E65405;246.7157;SP;Ribeirão Preto;24.6716;IRU;AT;Aguardando analise
 SP-3543402-E6A78D0D3B124C9782F7E5AE4BFCDE5E;7.0710;SP;Ribeirão Preto;0.6640;IRU;AT;Aguardando analise
 SP-3543402-B372B19C64FC4A76AAC0781CBF3FAA6A;2.3843;SP;Ribeirão Preto;0.2384;IRU;AT;Aguardando analise
 SP-3543402-981060AA5CFB43ED88E7DEF05CBED48E;42.3137;SP;Ribeirão Preto;4.0314;IRU;AT;Aguardando analise
 SP-3543402-41AB5734A3174DFBA1C6AA2D8027285D;30.3312;SP;Ribeirão Preto;3.0331;IRU;AT;Aguardando analise
 SP-3543402-5BCB837A07DF4C5FBDD06BBB809C71EA;1.6533;SP;Ribeirão Preto;0.1653;IRU;AT;Aguardando analise
 SP-3543402-061F06C0349F4808931840571ED09B80;0.1004;SP;Ribeirão Preto;0.0100;IRU;AT;Aguardando analise
 SP-3543402-31C7731782BE4DCE84F688590E073D5F;392.8344;SP;Ribeirão Preto;39.2834;IRU;AT;Aguardando análise, não passível de revisão de dados
 SP-3543402-ADA5FB9EF53C4A4480202F0C0796CFDB;4.8807;SP;Ribeirão Preto;0.4881;IRU;AT;Aguardando análise, não passível de revisão de dados
 SP-3543402-8AD28C7181644939AAF5918FE0E99E63;58.6287;SP;Ribeirão Preto;5.8629;IRU;AT;Aguardando analise
 SP-3543402-C9C43C8AB2824B3E999E6C06E40DE2F1;18.4427;SP;Ribeirão Preto;1.8443;IRU;AT;Aguardando analise
 SP-3543402-8A603C848A224E8688C19BBFBBCCEE71;42.5633;SP;Ribeirão Preto;4.2563;IRU;AT;Aguardando análise, não passível de revisão de dados
 SP-3543402-1B7D873CB110409BB0143633F70B8754;357.6168;SP;Ribeirão Preto;35.7617;IRU;AT;Aguardando análise, não passível de revisão de dados
 SP-3543402-8C0C3313EED44B149B118ED051426A3F;85.1709;SP;Ribeirão Preto;8.5171;IRU;AT;Aguardando analise
 SP-3543402-EEE78A9F39E647148B13314FD9F9DCCA;29.6432;SP;Ribeirão Preto;2.9643;IRU;AT;Aguardando analise
 SP-3543402-52164C8545954F5688390606438A6563;14.7325;SP;Ribeirão Preto;1.4733;IRU;AT;Aguardando analise
 SP-3543402-D189EBF4CFC44AA5B4007E3CE1E12E60;67.9773;SP;Ribeirão Preto;6.7977;IRU;AT;Aguardando análise, não passível de revisão de dados
 SP-3543402-7D4AA0C8CD9E498C86256EEF312A5A86;27.0304;SP;Ribeirão Preto;2.7030;IRU;AT;Aguardando analise
 SP-3543402-A1966AC6D6334FD0B4C3FB77775C354F;17.5109;SP;Ribeirão Preto;1.7511;IRU;AT;Aguardando analise
 SP-3543402-8CDD073278F847AA8C1F3FA093E869F2;24.2289;SP;Ribeirão Preto;2.4105;IRU;AT;Aguardando analise
 SP-3543402-C3C3B7266A7C4B5D8D2B52125FC6A1CD;69.6993;SP;Ribeirão Preto;6.9699;IRU;AT;Aguardando analise
 SP-3543402-6808D2ABE4C34A76A5DB6C3DE4285878;59.9286;SP;Ribeirão Preto;5.9929;IRU;AT;Aguardando analise
 SP-3543402-EB25794019D341A58320EC043F971496;12.1231;SP;Ribeirão Preto;1.1845;IRU;AT;Aguardando análise
 SP-3543402-A91EFCE4DB8240C4952F7AD02F6CD1D0;32.6293;SP;Ribeirão Preto;3.2629;IRU;AT;Aguardando analise
 SP-3543402-AC606D267C14414FA727EA5B2BF62CC1;6.5076;SP;Ribeirão Preto;0.6508;IRU;AT;Aguardando analise
 SP-3543402-B7C845ECC24A4401B349904E1E6653BD;5.0227;SP;Ribeirão Preto;0.5023;IRU;AT;Aguardando analise
 SP-3543402-EEB3393191A04711BB4C7EE96E6047ED;52.3246;SP;Ribeirão Preto;5.2325;IRU;AT;Aguardando analise
 SP-3543402-6FA4B3C614534E36B999E3727352F387;17.2926;SP;Ribeirão Preto;1.7293;IRU;AT;Aguardando análise
 SP-3543402-242863800C22467E9F4D3B114B1D15C0;2.7445;SP;Ribeirão Preto;0.2745;IRU;AT;Aguardando análise
 SP-3543402-D9EC3C44A41F47B68E2C19A5CA66A056;18.8735;SP;Ribeirão Preto;1.8873;IRU;AT;Aguardando análise
 SP-3543402-88A285B8B6084A84B86B577B997945CF;5.1633;SP;Ribeirão Preto;0.5163;IRU;AT;Aguardando analise
 SP-3543402-9C57471774144A6FB80A83FB1ED42975;8.2718;SP;Ribeirão Preto;0.8038;IRU;AT;Aguardando analise
 SP-3543402-A4B738B3CEB2483CAD71F66D0EBBCB83;12.1911;SP;Ribeirão Preto;1.2191;IRU;AT;Aguardando analise
 SP-3543402-4284A7C1325E4FBCB9A69C3EE8623E84;1.9995;SP;Ribeirão Preto;0.2000;IRU;AT;Aguardando analise
 SP-3543402-2633443F74604DF7B00ED49BCA18223D;9.7028;SP;Ribeirão Preto;0.9703;IRU;AT;Aguardando análise
 SP-3543402-29058803D93A402595EF9617822C8DFF;33.9335;SP;Ribeirão Preto;3.3933;IRU;AT;Aguardando analise
 SP-3543402-758C3FA467EB4516B057DDF69A824FAA;35.2086;SP;Ribeirão Preto;3.5209;IRU;AT;Aguardando analise
 SP-3543402-AD0B8307D06C4A24865EA71D2586B56A;3.2173;SP;Ribeirão Preto;0.3217;IRU;AT;Aguardando analise
 SP-3543402-85D55D313518451F859040A554CDD76B;6.1463;SP;Ribeirão Preto;0.6107;IRU;AT;Aguardando analise
 SP-3543402-F926A96EB9614E24AF3788FD85D5C751;21.1641;SP;Ribeirão Preto;2.1164;IRU;AT;Aguardando analise
 SP-3543402-F77505A1591B4DA78D4D42144F6F2D75;4.0690;SP;Ribeirão Preto;0.4069;IRU;AT;Aguardando análise
 SP-3543402-40A290E429C64FF884384C1B769F77D6;5.2948;SP;Ribeirão Preto;0.5295;IRU;AT;Aguardando análise
 SP-3543402-715C6873FBFC407781072A433E489AC1;35.9038;SP;Ribeirão Preto;3.5904;IRU;AT;Aguardando analise
 SP-3543402-B1C45CB213A54F7083FD813ABED931EF;72.1255;SP;Ribeirão Preto;7.0190;IRU;AT;Aguardando analise
 SP-3543402-A7C97EE6E46F4C0099BDD768347F0B2D;11.4484;SP;Ribeirão Preto;1.1448;IRU;AT;Aguardando analise
 SP-3543402-AAA3051E03EE4093A93D2430ADE72EB2;2.4189;SP;Ribeirão Preto;0.2419;IRU;AT;Aguardando análise
 SP-3543402-101EBEE114C145498433B9E2A4C7571B;4.8364;SP;Ribeirão Preto;0.4836;IRU;AT;Aguardando análise
 SP-3543402-E323774B3E8F4DB685BF7B3B31BE0E04;11.6916;SP;Ribeirão Preto;1.1692;IRU;AT;Aguardando análise
 SP-3543402-7F4351BC08BD447489A258CED5A2DC59;55.8435;SP;Ribeirão Preto;5.5557;IRU;AT;Aguardando analise
 SP-3543402-0F0D777DCA594DC88D7622B173CCDB62;108.8045;SP;Ribeirão Preto;10.8804;IRU;AT;Aguardando analise
 SP-3543402-3AE429DBA1AF4810AFD37B3494105CF0;70.4745;SP;Ribeirão Preto;7.0404;IRU;AT;Aguardando analise
 SP-3543402-9F38FF196A854BE4A5550F64BBF907CE;16.8858;SP;Ribeirão Preto;1.6886;IRU;AT;Aguardando análise
 SP-3543402-021B4B59B4914A54BE99655B714FF441;15.7297;SP;Ribeirão Preto;1.5730;IRU;AT;Aguardando análise, não passível de revisão de dados
 SP-3543402-51AF2D2D633C4C0086A81DAE7A213510;1.8986;SP;Ribeirão Preto;0.1899;IRU;AT;Aguardando analise
 SP-3543402-3D3B1B0FB0944182BF93CC2021C0EF32;206.1860;SP;Ribeirão Preto;19.5661;IRU;AT;Aguardando analise
 SP-3543402-62D4C256EA3C45C4941DEA19D098EA5C;50.2825;SP;Ribeirão Preto;4.9635;IRU;AT;Aguardando analise
 SP-3543402-7002577F92F448BCBB3F0787715597A8;90.8999;SP;Ribeirão Preto;9.0900;IRU;AT;Aguardando analise
 SP-3543402-BA0BA3C426E94D3DAAE0940BA02A0B15;56.8663;SP;Ribeirão Preto;5.6866;IRU;AT;Aguardando analise
 SP-3543402-44F0327C049843A3BC5E617E30404128;2.0875;SP;Ribeirão Preto;0.2087;IRU;AT;Aguardando analise
 SP-3543402-0B967C4E97BA4781B483286CA0654D9E;8.5325;SP;Ribeirão Preto;0.8533;IRU;AT;Aguardando analise
 SP-3543402-2282CB4422CA4F658D95ED974381E3FB;10.9252;SP;Ribeirão Preto;1.0925;IRU;AT;Aguardando analise
 SP-3543402-BC60574EBB10449FB3A5A96DB1E51F23;222.8352;SP;Ribeirão Preto;22.2835;IRU;AT;Aguardando analise
 SP-3543402-A386BBE12FEB4A60A5462EE0B6267BC8;59.1355;SP;Ribeirão Preto;5.9135;IRU;AT;Aguardando análise, não passível de revisão de dados
 SP-3543402-97FC3ACE4A5B49F1B90DA95C31C47835;9.6845;SP;Ribeirão Preto;0.9684;IRU;AT;Aguardando analise
 SP-3543402-835E5D544FE847ABBBE54598BA8F2FF5;5.1268;SP;Ribeirão Preto;0.5127;IRU;AT;Aguardando analise
 SP-3543402-A21BEEB517F54FACACB0F87C5EE0AC71;38.6981;SP;Ribeirão Preto;3.8698;IRU;AT;Aguardando analise
 SP-3543402-628315920B04430BBEC7B0083334EDD5;0.1014;SP;Ribeirão Preto;0.0101;IRU;AT;Aguardando analise
 SP-3543402-910F5965AFEF4A93AD9ECE6962CC1EB5;3.0002;SP;Ribeirão Preto;0.3000;IRU;AT;Aguardando analise
 SP-3543402-EB4C72F5331641F380C3166F1616931C;109.3854;SP;Ribeirão Preto;10.9356;IRU;AT;Aguardando analise
 SP-3543402-EC948A9587444032A60BE29F53420A7B;4.9101;SP;Ribeirão Preto;0.4910;IRU;AT;Aguardando analise
 SP-3543402-FB274BE211264BFBA2E944280F59431A;176.9123;SP;Ribeirão Preto;17.6912;IRU;CA;CANCELADO_POR_DECISAO_ADMINISTRATIVA
 SP-3543402-DE230D999C214A90B32412FA444A2B15;116.9874;SP;Ribeirão Preto;11.6555;IRU;AT;Aguardando análise, não passível de revisão de dados
 SP-3543402-E5D4F48B58CC4C1A9817A1B41795EF2F;2.0000;SP;Ribeirão Preto;0.2000;IRU;AT;Aguardando analise
 SP-3543402-2206177684484BEC87957DB843271AFC;1.1212;SP;Ribeirão Preto;0.1121;IRU;AT;Aguardando analise
 SP-3543402-EC4FA77F0E6F46738AE34E4D9896FD8B;22.0787;SP;Ribeirão Preto;2.2079;IRU;AT;Aguardando analise
 SP-3543402-A7BBEFA9B77341F486FA5599DB8EC236;0.8032;SP;Ribeirão Preto;0.0803;IRU;AT;Aguardando analise
 SP-3543402-93BCF92FD38C4DBD86B0BE5164043497;1.0613;SP;Ribeirão Preto;0.1061;IRU;AT;Aguardando analise
 SP-3543402-5CC6C8B50C4543FE9F1552C588525DCC;0.2808;SP;Ribeirão Preto;0.0281;IRU;AT;Aguardando analise
 SP-3543402-BA780CE857D54A5096E9A01E99594A51;0.8122;SP;Ribeirão Preto;0.0812;IRU;AT;Aguardando analise
 SP-3543402-E7950897C6B742F8B60D3AAE156AEC3F;1.7444;SP;Ribeirão Preto;0.1744;IRU;AT;Aguardando analise
 SP-3543402-A388190C2CCE4E67A2FC18A51697D33F;22.7900;SP;Ribeirão Preto;2.2790;IRU;AT;Aguardando analise
 SP-3543402-5555A88B39DA4608BDFA8A3333D9C376;27.5350;SP;Ribeirão Preto;2.7535;IRU;AT;Aguardando analise
 SP-3543402-D7832E926BE84949A74A162520F7CA17;34.1895;SP;Ribeirão Preto;3.4190;IRU;AT;Aguardando analise
 SP-3543402-D0B4A1200D994EA2992E06884833552F;63.9137;SP;Ribeirão Preto;6.3914;IRU;AT;Aguardando analise
 SP-3543402-5371416A7EC74C6793F3BDE21AACDC5B;56.2466;SP;Ribeirão Preto;5.5138;IRU;AT;Aguardando analise
 SP-3543402-83BEA0AFFD174C46BE63A9AB63E2C5DC;1.7310;SP;Ribeirão Preto;0.1731;IRU;AT;Aguardando analise
 SP-3543402-5902836FA5424919BA1AA3FA5B309108;9.6210;SP;Ribeirão Preto;0.9621;IRU;AT;Aguardando analise
 SP-3543402-AA33D473E37942F78396ADD17ACAA89D;8.2786;SP;Ribeirão Preto;0.8279;IRU;AT;Aguardando analise
 SP-3543402-5D5DFBF8C3F84B478333965F61631730;90.9133;SP;Ribeirão Preto;9.0913;IRU;AT;Aguardando analise
 SP-3543402-99099D5BE3E44B28BDB0E7C9B148D6A1;109.3871;SP;Ribeirão Preto;10.9387;IRU;AT;Aguardando analise
 SP-3543402-1C5E6C833B7D4BC68DCAC0DF1D0997A8;85.7169;SP;Ribeirão Preto;8.5717;IRU;AT;Aguardando analise
 SP-3543402-4B9B41D5E4C44F83BCC3BF1C40A0AD09;27.1347;SP;Ribeirão Preto;2.7135;IRU;AT;Aguardando analise
 SP-3543402-EF7D28E42A9C4B4C8A7726285EBEA62C;35.9737;SP;Ribeirão Preto;3.5974;IRU;AT;Aguardando analise
 SP-3543402-E813523C0F2B4EFCBF66DF2C9EE5F37F;50.2315;SP;Ribeirão Preto;5.0231;IRU;AT;Aguardando analise
 SP-3543402-71B37459180743848A4195EE5BC8C063;5.1041;SP;Ribeirão Preto;0.5104;IRU;AT;Aguardando analise
 SP-3543402-B408625E5AC04299A08A985A9D6386C9;2.4329;SP;Ribeirão Preto;0.2433;IRU;AT;Aguardando analise
 SP-3543402-A58D834EC3C6453F816634735A4AF314;75.0209;SP;Ribeirão Preto;7.5021;IRU;AT;Aguardando analise
 SP-3543402-BDAD97DEB0F143D6BF79B13F9A7E0050;4.1461;SP;Ribeirão Preto;0.4146;IRU;AT;Aguardando analise
 SP-3543402-B22C2C07B5764F799C34F2E865F0006E;107.0532;SP;Ribeirão Preto;10.7053;IRU;AT;Aguardando analise
 SP-3543402-8DBA0D6DEF1B41BA9486F1542C4CF00F;183.0678;SP;Ribeirão Preto;18.3068;IRU;AT;Aguardando analise
 SP-3543402-8E072CD60CEA4C309308F3A8DC756E24;15.8336;SP;Ribeirão Preto;1.5834;IRU;AT;Aguardando analise
 SP-3543402-74B7193C955544C9AC30ECDF273BF086;114.5567;SP;Ribeirão Preto;11.4557;IRU;AT;Aguardando analise
 SP-3543402-78CCC4796B0C44EA80F19B93190FC9A4;1.9978;SP;Ribeirão Preto;0.1998;IRU;AT;Aguardando analise
 SP-3543402-204B458C05D343A0A7CFDFA8A5AE1382;3.8845;SP;Ribeirão Preto;0.3885;IRU;AT;Aguardando analise
 SP-3543402-AE54ABC97A1D441AB3660FCFAABD3A09;0.0130;SP;Ribeirão Preto;0.0013;IRU;AT;Aguardando analise
 SP-3543402-4CB5A4CE2D204BC494B1178F63C5F278;1.3656;SP;Ribeirão Preto;0.1366;IRU;AT;Aguardando analise
 SP-3543402-6693FF3CA3B643078DFB266077D6D9B3;24.1661;SP;Ribeirão Preto;2.4166;IRU;AT;Aguardando analise
 SP-3543402-C17B172DBF944350805E426F938EDA64;2.7770;SP;Ribeirão Preto;0.2777;IRU;AT;Aguardando analise
 SP-3543402-D69ACBEC7E4C4B38941F5036A6684827;166.2883;SP;Ribeirão Preto;16.6288;IRU;AT;Aguardando analise
 SP-3543402-D08EBA1ED54C4568B8205CE11BB623FB;28.6945;SP;Ribeirão Preto;2.8694;IRU;AT;Aguardando analise
 SP-3543402-FA9CD3F630084E3F80AAC6E2E915C3E8;103.6793;SP;Ribeirão Preto;10.1740;IRU;AT;Aguardando analise
 SP-3543402-9C1A159D0E4D4748A285D6B025A2ECF6;110.6297;SP;Ribeirão Preto;11.0630;IRU;AT;Aguardando análise, não passível de revisão de dados
 SP-3543402-5487943F1AB44FFF8C2652DC86648582;48.7706;SP;Ribeirão Preto;4.8771;IRU;AT;Aguardando analise
 SP-3543402-9AEC1065020E47739F9276D3BA4428DC;80.8302;SP;Ribeirão Preto;8.0830;IRU;AT;Aguardando analise
 SP-3543402-FBCB47045A054802B5AA03F65BC115C7;16.5978;SP;Ribeirão Preto;1.6598;IRU;AT;Aguardando analise
 SP-3543402-31C7323A619047D599FF31CBD365C9DD;43.3061;SP;Ribeirão Preto;4.2700;IRU;AT;Aguardando analise
 SP-3543402-C5D4FFFF206144A48E6926E24BEEF1E4;45.4022;SP;Ribeirão Preto;4.5016;IRU;AT;Aguardando analise
 SP-3543402-B60FFBBB67C345F5A5CCDFFFE3A6382E;2.1012;SP;Ribeirão Preto;0.2101;IRU;AT;Aguardando analise
 SP-3543402-76297A60C2EB49009D2FC2A7E5B38AEB;45.6579;SP;Ribeirão Preto;4.5658;IRU;AT;Aguardando analise
 SP-3543402-C6DE3603412149889EC9E16CC9305D62;102.2344;SP;Ribeirão Preto;10.2234;IRU;AT;Aguardando analise
 SP-3543402-AEB83F6982C94065B8B19D3587F45E23;2.5586;SP;Ribeirão Preto;0.2559;IRU;AT;Aguardando analise
 SP-3543402-8052DEC22E6E4DBF8188AFE7BFB9EB87;5.6758;SP;Ribeirão Preto;0.5676;IRU;AT;Aguardando analise
 SP-3543402-A9D2A64FC90E487C8D62B59D66FC9319;2.0171;SP;Ribeirão Preto;0.2017;IRU;AT;Aguardando analise
 SP-3543402-27450561890544CFB977051826C267C8;19.1013;SP;Ribeirão Preto;1.8660;IRU;AT;Aguardando analise
 SP-3543402-B1B7A78B39C14C35AA29CD2369C5E264;2.6001;SP;Ribeirão Preto;0.2600;IRU;AT;Aguardando analise
 SP-3543402-0E20854D7C5F41E4B67F84D797FA06FF;119.2489;SP;Ribeirão Preto;11.9249;IRU;AT;Aguardando análise, não passível de revisão de dados
 SP-3543402-24927CE2565C4F81A92254877EF44F27;366.3474;SP;Ribeirão Preto;35.2815;IRU;AT;Aguardando analise
 SP-3543402-7C2840FC76E54513A0392F38AB30FCE9;3.5973;SP;Ribeirão Preto;0.3597;IRU;AT;Aguardando analise
 SP-3543402-11A27D3D671349209E8B70FB8426EBC4;2.4273;SP;Ribeirão Preto;0.2427;IRU;AT;Aguardando analise
 SP-3543402-2AC24D0F421644AEBC7292F7DD844483;84.3992;SP;Ribeirão Preto;7.6385;IRU;AT;Aguardando análise, não passível de revisão de dados
 SP-3543402-0C377A2BD7CE421588941E99FF134BE7;31.4610;SP;Ribeirão Preto;3.1461;IRU;AT;Aguardando analise
 SP-3543402-646B6EFEE1B5405CAF1A083E84EAC9B9;3.1311;SP;Ribeirão Preto;0.3131;IRU;AT;Aguardando analise
 SP-3543402-A1E257C4CFA047C69CD7F11027F63EAD;2.0221;SP;Ribeirão Preto;0.2022;IRU;AT;Aguardando analise
 SP-3543402-ACF4CCC9582A418CAA8C1A06D4B176CD;2.2385;SP;Ribeirão Preto;0.2239;IRU;AT;Aguardando analise
 SP-3543402-602B7A8A95D44AD6ACC7DBF40F077723;72.5263;SP;Ribeirão Preto;7.2526;IRU;AT;Aguardando analise
 SP-3543402-C7729B6272254D379EEC6C6E82918155;43.9897;SP;Ribeirão Preto;4.3990;IRU;AT;Aguardando análise, não passível de revisão de dados
 SP-3543402-72CEDEC7BAA0462AB36052F6C6520D0F;3.0059;SP;Ribeirão Preto;0.3006;IRU;AT;Aguardando analise
 SP-3543402-9DFFC886625B4A16957F87630523C2BA;203.0466;SP;Ribeirão Preto;20.3047;IRU;AT;Aguardando analise
 SP-3543402-0817A9D947EF4C4A911349674E2C4283;48.2116;SP;Ribeirão Preto;4.8212;IRU;AT;Aguardando análise, não passível de revisão de dados
 SP-3543402-675403E1CB2E481C8C8E4A84D2282BFF;333.9968;SP;Ribeirão Preto;33.3997;IRU;AT;Aguardando analise
 SP-3543402-E0CADF5A394E445C844B9BDF32593CD1;97.5514;SP;Ribeirão Preto;9.7551;IRU;AT;Aguardando analise
 SP-3543402-C9CD8DF2CA084F5E96CAE317C87741DB;10.9687;SP;Ribeirão Preto;1.0969;IRU;AT;Aguardando analise
 SP-3543402-5F2A6D7782D440A39271F61C430B4FFB;30.0351;SP;Ribeirão Preto;3.0035;IRU;AT;Aguardando analise
 SP-3543402-67D5BD0520684FD7981A642FF755A7C6;28.4765;SP;Ribeirão Preto;2.8477;IRU;AT;Aguardando analise
 SP-3543402-12CDC54472DF4490866CE8FEBF87A7C8;8.8847;SP;Ribeirão Preto;0.8859;IRU;AT;Aguardando analise
 SP-3543402-AC64129282954343AA4FA7F51E89DC17;203.2775;SP;Ribeirão Preto;20.3217;IRU;AT;Aguardando analise
 SP-3543402-DE166B663195426DA1F08E8308019D7E;14.3879;SP;Ribeirão Preto;1.4388;IRU;AT;Aguardando analise
 SP-3543402-68595A3703E04B25A1DDE2ED5F038A39;65.6968;SP;Ribeirão Preto;6.5633;IRU;AT;Aguardando analise
 SP-3543402-47380FA2DE8A48698B0F75E6DE3A4102;619.8273;SP;Ribeirão Preto;58.2275;IRU;AT;Aguardando análise, não passível de revisão de dados
 SP-3543402-61ED89CF7270441AADA6829973A87DFD;31.0341;SP;Ribeirão Preto;3.1034;IRU;AT;Aguardando analise
 SP-3543402-13326F2F11134F3DB6C8E0DC8908B1B2;3.0336;SP;Ribeirão Preto;0.3034;IRU;AT;Aguardando analise
 SP-3543402-DA9A2882D56E44D999F78514B74E8CDA;0.9582;SP;Ribeirão Preto;0.0958;IRU;AT;Aguardando analise
 SP-3543402-16AADDCE1A81482BB6CD169A3E3F93BD;0.1131;SP;Ribeirão Preto;0.0113;IRU;AT;Aguardando analise
 SP-3543402-7AE20791073C47F2B60DFFED7A3E96BF;4.1957;SP;Ribeirão Preto;0.4196;IRU;AT;Aguardando analise
 SP-3543402-BA8426D602964B4981D04997165D7401;10.5150;SP;Ribeirão Preto;1.0515;IRU;AT;Aguardando analise
 SP-3543402-7CE3DDC01F4B4D06A6100649E8575A6C;11.5535;SP;Ribeirão Preto;1.1553;IRU;AT;Aguardando analise
 SP-3543402-175DF0FB5E2A497F9D2154E2C90050BF;7.4948;SP;Ribeirão Preto;0.7495;IRU;AT;Aguardando analise
 SP-3543402-CD367E7746324413A25561D0F3989003;93.1567;SP;Ribeirão Preto;9.3109;IRU;AT;Aguardando analise
 SP-3543402-FFF998B947484CBB9627C7D438FB0E46;5.4676;SP;Ribeirão Preto;0.5468;IRU;AT;Aguardando analise
 SP-3543402-98D560A7FF434F63878810DF0599EE91;9.0388;SP;Ribeirão Preto;0.9039;IRU;AT;Aguardando analise
 SP-3543402-DDAFDC1526E2456AB62B51AEE3863D4C;140.8759;SP;Ribeirão Preto;14.0876;IRU;AT;Aguardando analise
 SP-3543402-43AE65AB3D7C40C696607D79FCD288C6;4.1895;SP;Ribeirão Preto;0.4189;IRU;AT;Aguardando analise
 SP-3543402-5FA104ED825548B5AA02636BD36551FB;15.2022;SP;Ribeirão Preto;1.5202;IRU;AT;Aguardando analise
 SP-3543402-91512374FFEA4A3EA7AFC18C5740B3C8;35.4700;SP;Ribeirão Preto;3.5470;IRU;AT;Aguardando analise
 SP-3543402-CBFED62446924B359058100B98879925;128.5690;SP;Ribeirão Preto;12.7447;IRU;AT;Aguardando analise
 SP-3543402-E9E3824637FE4839813D8E76D490359A;164.4529;SP;Ribeirão Preto;16.4453;IRU;AT;Aguardando analise
 SP-3543402-BF6CD96A32A64B199C85F80B626B2D12;86.5910;SP;Ribeirão Preto;8.6529;IRU;AT;Aguardando analise
 SP-3543402-0F589C74CAC347D996C00BEDD4E053EE;51.4603;SP;Ribeirão Preto;5.1460;IRU;AT;Aguardando analise
 SP-3543402-1911CD84E77544BBA06DCE40A8139874;0.4685;SP;Ribeirão Preto;0.0469;IRU;AT;Aguardando analise
 SP-3543402-EF7BB67AD2CE4A41BE1CBBD79C272708;380.2749;SP;Ribeirão Preto;36.5260;IRU;AT;Aguardando analise
 SP-3543402-5B12354DBE554310AEFCDED7668346B9;111.3556;SP;Ribeirão Preto;11.1356;IRU;AT;Aguardando analise
 SP-3543402-E75E3E083F7D4D3DBD1BE76FCE8441D3;0.1456;SP;Ribeirão Preto;0.0146;IRU;AT;Aguardando analise
 SP-3543402-C2957B536DA34C2CAE62A3E879E3A43E;1.9580;SP;Ribeirão Preto;0.1958;IRU;AT;Aguardando analise
 SP-3543402-0F18C88B26BB4AE5B857BEAF4EA8A68F;433.4159;SP;Ribeirão Preto;43.3416;IRU;AT;Aguardando análise, não passível de revisão de dados
 SP-3543402-CFA6F6B23B734A0AA0C7EC55F13CA0BB;37.7671;SP;Ribeirão Preto;3.7767;IRU;AT;Aguardando analise
 SP-3543402-5FF02BB4DF6F44FF91DD5D3EF1087F0D;25.9557;SP;Ribeirão Preto;2.5956;IRU;AT;Aguardando analise
 SP-3543402-C7D1A9EC65AF4D37AC77194278B8DB2F;3.8479;SP;Ribeirão Preto;0.3848;IRU;AT;Aguardando analise
 SP-3543402-A46F218F60D64D49BE09B9E4E13A4789;115.3249;SP;Ribeirão Preto;11.5325;IRU;AT;Aguardando analise
 SP-3543402-9229D8F452804D0BB96845CFFE4A428C;418.5411;SP;Ribeirão Preto;41.8541;IRU;AT;Aguardando analise
 SP-3543402-C7FB5F73658247ECAEF94B4BE8DE20B4;53.7879;SP;Ribeirão Preto;5.3788;IRU;AT;Aguardando analise
 SP-3543402-B6865165E3A44AC3B9E5A0F593D60F90;10.6427;SP;Ribeirão Preto;1.0643;IRU;AT;Aguardando analise
 SP-3543402-47153505BBA5435396D7BEF99E30301E;1.4984;SP;Ribeirão Preto;0.1498;IRU;AT;Aguardando analise
 SP-3543402-D5C2CC52E79D40FE81A7C08E612B1681;1.0409;SP;Ribeirão Preto;0.1041;IRU;AT;Aguardando analise
 SP-3543402-E97B2E45CE0F476F80249D11C94688CB;12.8322;SP;Ribeirão Preto;1.2832;IRU;AT;Aguardando análise, não passível de revisão de dados
 SP-3543402-B5FD67D6979E482CA798DE843BEBFB52;10.9283;SP;Ribeirão Preto;1.0928;IRU;AT;Aguardando analise
 SP-3543402-AA7760A3D3284C768305C0C317E7360D;26.2441;SP;Ribeirão Preto;2.6244;IRU;AT;Aguardando analise
 SP-3543402-152520B6CB8C4938BBB0E75C81FC0225;17.3984;SP;Ribeirão Preto;1.7398;IRU;AT;Aguardando analise
 SP-3543402-4CDE3AB7301448669D6BCE097077CD0E;2.0536;SP;Ribeirão Preto;0.2054;IRU;AT;Aguardando analise
 SP-3543402-123505B4A775406FA129C4DFA1A27112;582.3635;SP;Ribeirão Preto;55.1996;IRU;AT;Aguardando analise
 SP-3543402-F4F8FD64F32943AFB13AB395C4C8349B;14.6240;SP;Ribeirão Preto;1.4624;IRU;AT;Aguardando analise
 SP-3543402-AA384513770F484CBB2F1C84DC17A9F5;248.5052;SP;Ribeirão Preto;24.8395;IRU;AT;Aguardando análise, não passível de revisão de dados
 SP-3543402-226937A9429241B5AC6FFFCD868CD22C;27.4192;SP;Ribeirão Preto;2.7419;IRU;AT;Aguardando analise
 SP-3543402-787EC9E295484D4F95A385D40DAB8992;37.7274;SP;Ribeirão Preto;3.7727;IRU;AT;Aguardando análise, não passível de revisão de dados
 SP-3543402-A75E1C8A9F3745629B0092E87E59451F;3.8104;SP;Ribeirão Preto;0.3810;IRU;AT;Aguardando analise
 SP-3543402-F7F5677C2BF34AA4960ABD2FA7A4F5CF;9.8728;SP;Ribeirão Preto;0.9873;IRU;AT;Aguardando analise
 SP-3543402-27C537F655D04813B4785922E00CDBE7;2.3099;SP;Ribeirão Preto;0.2310;IRU;AT;Aguardando análise, não passível de revisão de dados
 SP-3543402-7ECE7A12B59E4F7BAD805EC2E502B86A;51.3684;SP;Ribeirão Preto;5.1368;IRU;AT;Aguardando análise, não passível de revisão de dados
 SP-3543402-062779E74BD84001929CF7DADA0B40B5;115.3785;SP;Ribeirão Preto;11.5378;IRU;AT;Aguardando análise, não passível de revisão de dados
 SP-3543402-EAD81C5999494536B4CF8AF4EBEC00DC;1632.1270;SP;Ribeirão Preto;163.2127;IRU;AT;Aguardando análise, não passível de revisão de dados
 SP-3543402-1F1F7808BB7942A7AC24E42F391C7A50;478.3302;SP;Ribeirão Preto;47.8330;IRU;AT;Aguardando análise, não passível de revisão de dados
 SP-3543402-7C0B9A4A6820408B8A4E996485441072;31.2993;SP;Ribeirão Preto;3.1299;IRU;AT;Aguardando análise, não passível de revisão de dados
 SP-3543402-10DCE70FF14847A3A6CDE7E715ED4208;126.8630;SP;Ribeirão Preto;12.6863;IRU;AT;Aguardando análise, não passível de revisão de dados
 SP-3543402-55607079D2A442B38AB083495AA6A039;382.6900;SP;Ribeirão Preto;38.1171;IRU;AT;Aguardando análise, não passível de revisão de dados
 SP-3543402-EF060FEE30C44FDB89DE102EA19D6E60;513.7427;SP;Ribeirão Preto;51.3743;IRU;AT;Aguardando análise, não passível de revisão de dados
 SP-3543402-630564D296784E36A510D37304A1081D;355.3461;SP;Ribeirão Preto;35.5311;IRU;AT;Aguardando análise, não passível de revisão de dados
 SP-3543402-5493EF386DAB434AB1D293C818F18B0A;383.2665;SP;Ribeirão Preto;38.3267;IRU;AT;Aguardando análise, não passível de revisão de dados
 SP-3543402-D5CBA276D2F642258B4B609DBAA45BB5;166.2883;SP;Ribeirão Preto;16.3614;IRU;AT;Aguardando análise, não passível de revisão de dados
 SP-3543402-FFFB1F2112AC491D838D9B90BCF2605B;182.2052;SP;Ribeirão Preto;18.0849;IRU;AT;Aguardando análise, não passível de revisão de dados
 SP-3543402-924D84ADAE99401A9294BA5F5FDA1149;5.6765;SP;Ribeirão Preto;0.5676;IRU;AT;Aguardando análise, não passível de revisão de dados
 SP-3543402-F1003CCE20C14691BD51DDC73DDB6E4D;8.1537;SP;Ribeirão Preto;0.8154;IRU;AT;Aguardando análise, não passível de revisão de dados
 SP-3543402-FA1529ED184E4487B8E72EE686C9B281;6.3933;SP;Ribeirão Preto;0.6393;IRU;AT;Aguardando análise, não passível de revisão de dados
 SP-3543402-720193B0161B4A839ECB1DC26CE56A1D;209.8212;SP;Ribeirão Preto;20.3654;IRU;AT;Aguardando análise, não passível de revisão de dados
 SP-3543402-C3E29E4146D443C3BD3939CE9BA80ECF;43.3355;SP;Ribeirão Preto;4.3335;IRU;AT;Aguardando análise, não passível de revisão de dados
 SP-3543402-45B136B4BFA64216B2A52495BC5C6942;252.8907;SP;Ribeirão Preto;25.2891;IRU;AT;Aguardando análise, não passível de revisão de dados
 SP-3543402-99784C6F464B45039479ED398AF04F89;19.7451;SP;Ribeirão Preto;1.9734;IRU;AT;Aguardando análise, não passível de revisão de dados
 SP-3543402-FDCA9A33F7F645ACA0AA30EA9BC91780;197.8009;SP;Ribeirão Preto;19.7755;IRU;AT;Aguardando análise, não passível de revisão de dados
 SP-3543402-102DFCCBC4B74C42A9E04B70785259EA;348.9675;SP;Ribeirão Preto;33.5643;IRU;AT;Aguardando análise, não passível de revisão de dados
 SP-3543402-85DC9A143E9F43289054EFE8BD0EA6CB;29.1573;SP;Ribeirão Preto;2.9157;IRU;AT;Aguardando análise, não passível de revisão de dados
 SP-3543402-0381059FD0A5487594C09A887A5D2BC8;1547.6245;SP;Ribeirão Preto;154.7617;AST;AT;Aguardando análise, não passível de revisão de dados
 SP-3543402-684F1290C16E47FD88B387C429B2804F;532.1489;SP;Ribeirão Preto;53.2149;IRU;AT;Aguardando análise, não passível de revisão de dados
 SP-3543402-2E574A41BCCE4F9CA4D49333D1C2EE54;211.1064;SP;Ribeirão Preto;21.1106;IRU;AT;Aguardando análise, não passível de revisão de dados
 SP-3543402-BA7B2D22B32B40B2BADC9E9E912CFC7E;1786.2264;SP;Ribeirão Preto;154.7513;IRU;AT;Aguardando análise, não passível de revisão de dados
 SP-3543402-0D0BC847A5634014910EE665D6E15F73;105.4739;SP;Ribeirão Preto;10.5157;IRU;AT;Aguardando análise, não passível de revisão de dados
 SP-3543402-B6856D040252474CAD82AC3CD57EDF09;0.2200;SP;Ribeirão Preto;0.0220;IRU;AT;Aguardando análise, não passível de revisão de dados
 SP-3543402-33CCD84E3061464F9E1949B254484F51;319.1173;SP;Ribeirão Preto;31.9117;IRU;AT;Aguardando análise, não passível de revisão de dados
 SP-3543402-88F1021C4AB842D6B9D186C4BE7A9D18;50.2994;SP;Ribeirão Preto;5.0299;IRU;AT;Aguardando análise, não passível de revisão de dados
 SP-3543402-37DC8467EE5F4528A67CBA0753634C36;14.3604;SP;Ribeirão Preto;1.4360;IRU;AT;Aguardando análise, não passível de revisão de dados
(710 rows)

